part_id,item_number,part_designator,description,workstation_type,units_per_hour_1p,units_per_hour_2p,units_per_hour_3p,match_type
318,189-10530,E-C-249-8,"STS E-C-249-8",,,230,,exact
313,189-10524,E-C4-1,"STS E-C4-1",,,136,,exact
314,189-10525,E-C4-2,"STS E-C4-2",,,184,,exact
315,189-10526,E-C4-3,"STS E-C4-3",,,144,,exact
316,189-10527,E-C4-4,"STS E-C4-4",,112,115,,exact
317,189-10528,E-C4-5,"STS E-C4-5",,144,144,,exact
347,189-10559,H-BML-122-10,"STS H-BML-122-10",,,,117,exact
332,189-10544,H-BML-124-10,"STS H-BML-124-10",,,,121,exact
349,189-10561,H-BML-224-10,"STS H-BML-224-10",,,,116,exact
412,189-10628,H-BML-322-10,"STS H-BML-322-10",,,,113,exact
333,189-10545,H-BML-324-10,"STS H-BML-324-10",,,,124,exact
416,189-10632,H-BML-424-10,"STS H-BML-424-10",,,,123,exact
366,189-10578,H-BML-B124-10,"STS H-BML-B124-10",,,,127,exact
350,189-10562,H-BML-B324-10,"STS H-BML-B324-10",,,,113,exact
334,189-10546,H-BML-B424-10,"STS H-BML-B424-10",,,,93,exact
414,189-10630,H-C-075,"STS H-C-075",,,272,,exact
8,189-10044,H-C-1,"STS H-C-1",,375,215,189,exact
214,189-10379,H-C-11,"STS H-C-11",,,324,,exact
11,189-10049,H-C-112,"STS H-C-112",,307,269,,exact
14,189-10056,H-C-2,"STS H-C-2  ",,226,214,173,exact
217,189-10388,H-C-22,"STS H-C-22",,375,329,,exact
413,189-10629,H-C-2-2,"STS H-C-2-2",,396,328,,exact
15,189-10057,H-C-249-1,"STS H-C-249-1",,,237,,exact
21,189-10064,H-C-3,"STS H-C-3  ",,2500,228,177,exact
23,189-10068,H-C-3-2,"STS H-C-3-2",,,300,,exact
24,189-10069,H-C-4,"STS H-C-4",,192,183,,exact
25,189-10071,H-C4-1,"STS H-C4-1",,375,183,,exact
26,189-10072,H-C4-2,"STS H-C4-2",,385,200,184,exact
27,189-10073,H-C4-3,"STS H-C4-3",,375,208,197,exact
29,189-10076,H-C4-4,"STS H-C4-4",,375,202,168,exact
32,189-10080,H-C4-7,"STS H-C4-7",,,200,,exact
33,189-10081,H-C4-8,"STS H-C4-8",,,208,,exact
34,189-10082,H-C-5,"STS H-C-5",,,203,187,exact
35,189-10083,H-C5-20,"STS H-C5-20",,188,181,,exact
37,189-10085,H-C5-22,"STS H-C5-22",,105,125,,exact
38,189-10086,H-C5-5,"STS H-C5-5",,,204,,exact
39,189-10087,H-C5-6,"STS H-C5-6",,,208,,exact
40,189-10088,H-C5-7,"STS H-C5-7",,,228,,exact
41,189-10089,H-C5-8,"STS H-C5-8",,186,204,,exact
42,189-10090,H-C-6,"STS H-C-6",,,142,,exact
44,189-10092,H-C-7,"STS H-C-7",,145,133,124,exact
,,H-CB-713T,,,,,71,no-match
,,H-CL-13-5,,,,,136,no-match
7,189-10012,H-CL-181-3222-9,"STS H-CL-181-3222-90/9",,,192,,prefix
,,"H-CL-181-3222-Y C/G",,,,208,,no-match
,,"H-CL-181-3222-Y S/G",,,,,108,no-match
,,H-CL-181-3222-YY,,,,,77,no-match
280,189-10491,H-CR-436-36,"STS H-CR-436-36 CRIMP",,,224,,exact
281,189-10492,H-CR-436-37,"STS H-CR-436-37 CRIMP",,,224,,exact
282,189-10493,H-CR-436-38,"STS H-CR-436-38 CRIMP",,,226,,exact
49,189-10138,H-HC-1,"STS H-HC-1",,174,174,,exact
50,189-10139,H-HC-2,"STS H-HC-2",,600,245,,exact
363,189-10575,H-HC-2-96,"STS H-HC-2-96",,,245,,exact
419,189-10635,H-HC-2-0-H,"STS H-HC-2-0-H",,,120,,exact
422,189-10638,H-HC-3-96,"STS H-HC-3-96",,,228,,exact
51,189-10140,H-HC-3,"STS H-HC-3",,2500,0,,exact
51,189-10140,H-HC-3,"STS H-HC-3",,,149,,exact
53,189-10142,H-HC-5,"STS H-HC-5",,225,166,,exact
53,189-10142,H-HC-5***,"STS H-HC-5",,,149,,exact
357,189-10569,H-HCB-106N-96,"STS H-HCB-106N-96",,,,135,exact
358,189-10570,H-HCB-206N-96,"STS H-HCB-206N-96",,,,150,exact
359,189-10571,H-HCB-306N-96,"STS H-HCB-306N-96",,,195,150,exact
374,189-10586,H-HCB-506N-96,"STS H-HCB-506N-96",,,,125,exact
,,H-HCB-612N,,,,,87,no-match
,,H-HCB-612T,,,,,76,no-match
370,189-10582,H-HCL-7-96,"STS H-HCL-7-96",,,,161,exact
371,189-10583,H-HCL-8-96,"STS H-HCL-8-96",,,,135,exact
362,189-10574,H-HML-18-90,"STS H-HML-18-90",,,125,130,exact
299,189-10510,H-HML-6-95,"STS H-HML-6-95",,,,128,exact
,,H-HML-7-6,,,,,154,no-match
,,H-HML-7-92,,,,,154,no-match
303,189-10514,H-HML-7-95,"STS H-HML-7-95",,,,154,exact
311,189-10522,H-HML-8-95,"STS H-HML-8-95",,781,,131,exact
302,189-10513,H-HML-9-95,"STS H-HML-9-95",,,,115,exact
54,189-10143,H-I-1,"STS H-I-1",,189,233,,exact
55,189-10144,H-I-2,"STS H-I-2",,173,151,,exact
56,189-10145,H-I-3,"STS H-I-3",,,185,,exact
60,189-10151,H-IB-350-B6B,"STS H-IB-350-B6B",,,,123,exact
62,189-10154,H-ID-43,"STS H-ID-43",,,102,,exact
79,189-10176,H-M-1,"STS H-M-1",,256,229,,exact
324,189-10536,H-M-1-05,"STS H-M-1-05",,141,200,,exact
81,189-10178,"H-M-2 MESA","STS H-M-2  ",table,217,240,,exact
81,189-10178,"H-M-2 MAQ","STS H-M-2  ",machine,1100,,,exact
325,189-10537,H-M-2-05,"STS H-M-2-05",,,161,,exact
82,189-10179,"H-M-3 ( Mesa)","STS H-M-3  ",,194,228,,exact
82,189-10179,"H-M-3 ( Maq)","STS H-M-3  ",,2500,,,exact
326,189-10538,H-M-3-05,"STS H-M-3-05",,2500,154,,exact
83,189-10180,H-M-4,"STS H-M-4",,169,204,174,exact
327,189-10539,H-M-4-05,"STS H-M-4-05",,,171,,exact
85,189-10182,H-M-5,"STS H-M-5",,166,166,,exact
396,189-10610,H-MB-10,"STS H-MB-10",,,132,119,exact
86,189-10183,"H-MB-101N 10""","STS H-MB-101N 10"" ",,,,129,exact
,,"H-MB-101S 10""",,,,,146,no-match
211,189-10370,"H-MB-101T 10""","STS H-MB-101T 10"" LEAD",,,,129,prefix
387,189-10601,H-MB-1,"STS H-MB-1",,,,119,exact
388,189-10602,H-MB-2,"STS H-MB-2",,,,119,exact
389,189-10603,H-MB-3,"STS H-MB-3",,,,156,exact
393,189-10607,H-MB-7,"STS H-MB-7",,,,108,exact
394,189-10608,H-MB-8,"STS H-MB-8",,,,123,exact
395,189-10609,H-MB-9,"STS H-MB-9",,,,122,exact
89,189-10186,"H-MB-201N  10""","STS H-MB-201N 10"" LEAD",,,,147,prefix
,,"H-MB-201S 10""",,,,,141,no-match
90,189-10188,"H-MB-201T 10""","STS H-MB-201T 10"" LEAD",,,,141,prefix
91,189-10189,H-MB-206N,"STS H-MB-206N",,,,143,exact
92,189-10190,H-MB-206T,"STS H-MB-206T",,,,143,exact
75,189-10169,H-MB-301N,"STS H-MB-301N-BH",,400,,150,prefix-ambiguous
,,"H-MB-301S 10""",,,,,158,no-match
94,189-10194,"H-MB-301T 10""","STS H-MB-301T 10"" LEAD",,,,149,prefix
380,189-10592,H-MB-306N-A,"STS H-MB-306N-A",,,,131,exact
96,189-10197,H-MB-306T,"STS H-MB-306T",,,,131,exact
,,H-MB-401-N,,,,,112,no-match
230,189-10436,H-MB-401T,"STS H-MB-401T",,,,112,exact
381,189-10593,H-MB-406N-A,"STS H-MB-406N-A",,,,115,exact
100,189-10201,H-MB-501N,"STS H-MB-501N 10"" LEAD",,,,118,prefix
,,H-MB-501S,,,,,118,no-match
287,189-10498,H-MB-501T,"STS H-MB-501T",,,,118,exact
102,189-10204,H-MB-506T,"STS H-MB-506T",,,,118,exact
,,H-MB-506N-A,,,,,119,no-match
,,H-MBL-322-10,,,,,106,no-match
103,189-10206,H-ML-1,"STS H-ML-1",,,,114,exact
104,189-10207,H-ML-10,"STS H-ML-10",,,,115,exact
108,189-10211,H-ML-10-9,"STS H-ML-10-9",,,,119,exact
109,189-10213,H-ML-11,"STS H-ML-11",,,,147,exact
110,189-10216,H-ML-12,"STS H-ML-12",,,,164,exact
111,189-10218,H-ML-13,"STS H-ML-13   ",,600,,143,exact
113,189-10222,H-ML-14,"STS H-ML-14",,,155,146,exact
114,189-10223,H-ML-15,"STS H-ML-15",,,,104,exact
115,189-10224,H-ML-16,"STS H-ML-16",,,,138,exact
116,189-10225,H-ML-17,"STS H-ML-17",,,,177,exact
410,189-10626,H-ML-17-9,"STS H-ML-17-9",,,,161,exact
117,189-10226,H-ML-18,"STS H-ML-18 ",,781,,143,exact
118,189-10227,H-ML-19,"STS H-ML-19",,,,134,exact
119,189-10228,H-ML-2,"STS H-ML-2",,,,155,exact
120,189-10229,H-ML-20,"STS H-ML-20",,,,138,exact
122,189-10231,"H-ML-3 ( Mesa)","STS H-ML-3     ",,,,131,exact
122,189-10231,"H-ML-3  ( Maq)","STS H-ML-3     ",,781,722,,exact
123,189-10232,H-ML-3-0,"STS H-ML-3-0",,,,136,exact
308,189-10519,H-ML-3-5,"STS H-ML-3-5",,,,136,exact
126,189-10235,H-ML-4,"STS H-ML-4",,,,129,exact
128,189-10237,H-ML-5,"STS H-ML-5",,,,101,exact
129,189-10238,H-ML-6,"STS H-ML-6",,,,139,exact
130,189-10240,H-ML-7,"STS H-ML-7 ",,550,300,161,exact
135,189-10245,H-ML-7-5,"STS H-ML-7-5 ",,600,,161,exact
137,189-10248,H-ML-7-9,"STS H-ML-7-9",,,,161,exact
139,189-10251,H-ML-7-92,"STS H-ML-7-92",,,,144,exact
141,189-10253,H-ML-7-94,"STS H-ML-7-94",,,,144,exact
143,189-10255,H-ML-7-97,"STS H-ML-7-97",,,,161,exact
145,189-10257,H-ML-8,"STS H-ML-8    ",,600,,135,exact
146,189-10258,H-ML-8-3,"STS H-ML-8-3",,,143,135,exact
148,189-10260,H-ML-8-5,"STS H-ML-8-5",,,,135,exact
149,189-10261,H-ML-8-6,"STS H-ML-8-6",,,,146,exact
150,189-10262,H-ML-8-9,"STS H-ML-8-9",,,,135,exact
153,189-10265,H-ML-8-93,"STS H-ML-8-93",,,,155,exact
154,189-10266,H-ML-8-94,"STS H-ML-8-94",,,,155,exact
418,189-10634,H-ML-8-93-01,"STS H-ML-8-93-01",,,,155,exact
157,189-10270,H-ML-9,"STS H-ML-9",,,139,105,exact
158,189-10271,H-ML-9-5,"STS H-ML-9-5",,,,105,exact
160,189-10274,L-C-1,"STS L-C-1",,300,204,,exact
162,189-10277,L-C-112-01,"STS L-C-112-01",,195,,,exact
165,189-10283,L-C-2-1,"STS L-C-2-1",,,251,,exact
164,189-10282,"L-C-2 MESA","STS L-C-2  ",table,173,208,164,exact
164,189-10282,"L-C-2 MAQ","STS L-C-2  ",machine,1100,,,exact
170,189-10289,"L-C-3 MESA","STS L-C-3  ",table,,228,,exact
170,189-10289,"L-C-3  MAQ","STS L-C-3  ",machine,2300,,,exact
173,189-10292,L-C-4,"STS L-C-4",,229,219,,exact
175,189-10295,L-C-5,"STS L-C-5",,375,204,179,exact
179,189-10299,L-C-6,"STS L-C-6",,,150,,exact
181,189-10301,L-C-7,"STS L-C-7",,,116,,exact
185,189-10315,L-CL-4,"STS L-CL-4",,,,112,exact
330,189-10542,L-CL-5.5-02,"STS L-CL-5.5-02",,,,81,exact
335,189-10547,L-CL-5-02,"STS L-CL-5-02",,,,112,exact
206,189-10351,L-CL-6-5-01,"STS L-CL-6-5-01",,,,81,exact
188,189-10319,L-CL-8,"STS L-CL-8",,,,121,exact
246,189-10452,TH-C-2-85,"STS TH-C-2-85",,,151,,exact
247,189-10453,TH-C-3-85,"STS TH-C-3-85",,,96,,exact
259,189-10465,TH-CB-206N-85,"STS TH-CB-206N-85",,,,99,exact
253,189-10459,TH-CL-9-85,"STS TH-CL-9-85",,,,84,exact
262,189-10468,TH-CR-436-43,"STS TH-CR-436-43",,,117,,exact
262,189-10468,TH-CR-436-43,"STS TH-CR-436-43",,,76,,exact
262,189-10468,TH-CR-436-43,"STS TH-CR-436-43",,,43,,exact
175,189-10295,L-C-5,"STS L-C-5",,375,204,179,exact
