id,standard_id,workstation_type,workstation_id,persons_required,units_per_hour,is_default,notes,created_at,updated_at
\N,1,"manual",\N,2,53,1,\N,"2026-04-09 20:05:00",\N
\N,2,"manual",\N,3,53,1,\N,"2026-04-09 20:05:00",\N
\N,3,"manual",\N,3,53,1,\N,"2026-04-09 20:05:00",\N
\N,4,"manual",\N,3,53,1,\N,"2026-04-09 20:05:00",\N
\N,5,"manual",\N,3,53,1,\N,"2026-04-09 20:05:00",\N
\N,6,"manual",\N,3,53,1,\N,"2026-04-09 20:05:00",\N
\N,7,"manual",\N,3,104,1,\N,"2026-04-09 20:05:00",\N
\N,8,"semi_automatic",\N,1,375,1,\N,"2026-04-09 20:05:00",\N
\N,8,"semi_automatic",\N,2,215,0,\N,"2026-04-09 20:05:00",\N
\N,8,"semi_automatic",\N,3,189,0,\N,"2026-04-09 20:05:00",\N
\N,9,"manual",\N,1,375,1,\N,"2026-04-09 20:05:00",\N
\N,9,"manual",\N,2,215,0,\N,"2026-04-09 20:05:00",\N
\N,9,"manual",\N,3,189,0,\N,"2026-04-09 20:05:00",\N
\N,12,"manual",\N,1,307,1,\N,"2026-04-09 20:05:00",\N
\N,12,"manual",\N,2,269,0,\N,"2026-04-09 20:05:00",\N
\N,15,"machine",\N,1,226,1,\N,"2026-04-09 20:05:00",\N
\N,15,"machine",\N,2,214,0,\N,"2026-04-09 20:05:00",\N
\N,15,"machine",\N,3,173,0,\N,"2026-04-09 20:05:00",\N
\N,16,"manual",\N,2,237,1,\N,"2026-04-09 20:05:00",\N
\N,17,"manual",\N,2,237,1,\N,"2026-04-09 20:05:00",\N
\N,18,"manual",\N,2,237,1,\N,"2026-04-09 20:05:00",\N
\N,19,"manual",\N,2,237,1,\N,"2026-04-09 20:05:00",\N
\N,20,"manual",\N,2,237,1,\N,"2026-04-09 20:05:00",\N
\N,21,"manual",\N,2,237,1,\N,"2026-04-09 20:05:00",\N
\N,22,"machine",\N,1,229,1,\N,"2026-04-09 20:05:00",\N
\N,22,"machine",\N,2,228,0,\N,"2026-04-09 20:05:00",\N
\N,22,"machine",\N,3,177,0,\N,"2026-04-09 20:05:00",\N
\N,23,"manual",\N,1,229,1,\N,"2026-04-09 20:05:00",\N
\N,23,"manual",\N,2,228,0,\N,"2026-04-09 20:05:00",\N
\N,23,"manual",\N,3,177,0,\N,"2026-04-09 20:05:00",\N
\N,25,"manual",\N,2,300,1,\N,"2026-04-09 20:05:00",\N
\N,26,"semi_automatic",\N,1,192,1,\N,"2026-04-09 20:05:00",\N
\N,26,"semi_automatic",\N,2,183,0,\N,"2026-04-09 20:05:00",\N
\N,27,"manual",\N,1,192,1,\N,"2026-04-09 20:05:00",\N
\N,27,"manual",\N,2,183,0,\N,"2026-04-09 20:05:00",\N
\N,28,"semi_automatic",\N,1,375,1,\N,"2026-04-09 20:05:00",\N
\N,28,"semi_automatic",\N,2,183,0,\N,"2026-04-09 20:05:00",\N
\N,29,"manual",\N,1,375,1,\N,"2026-04-09 20:05:00",\N
\N,29,"manual",\N,2,183,0,\N,"2026-04-09 20:05:00",\N
\N,30,"semi_automatic",\N,1,385,1,\N,"2026-04-09 20:05:00",\N
\N,30,"semi_automatic",\N,2,200,0,\N,"2026-04-09 20:05:00",\N
\N,30,"semi_automatic",\N,3,184,0,\N,"2026-04-09 20:05:00",\N
\N,31,"manual",\N,1,385,1,\N,"2026-04-09 20:05:00",\N
\N,31,"manual",\N,2,200,0,\N,"2026-04-09 20:05:00",\N
\N,31,"manual",\N,3,184,0,\N,"2026-04-09 20:05:00",\N
\N,32,"semi_automatic",\N,1,375,1,\N,"2026-04-09 20:05:00",\N
\N,32,"semi_automatic",\N,2,208,0,\N,"2026-04-09 20:05:00",\N
\N,32,"semi_automatic",\N,3,197,0,\N,"2026-04-09 20:05:00",\N
\N,33,"manual",\N,1,375,1,\N,"2026-04-09 20:05:00",\N
\N,33,"manual",\N,2,208,0,\N,"2026-04-09 20:05:00",\N
\N,33,"manual",\N,3,197,0,\N,"2026-04-09 20:05:00",\N
\N,34,"manual",\N,2,197,1,\N,"2026-04-09 20:05:00",\N
\N,35,"semi_automatic",\N,1,375,1,\N,"2026-04-09 20:05:00",\N
\N,35,"semi_automatic",\N,2,202,0,\N,"2026-04-09 20:05:00",\N
\N,35,"semi_automatic",\N,3,168,0,\N,"2026-04-09 20:05:00",\N
\N,36,"manual",\N,1,375,1,\N,"2026-04-09 20:05:00",\N
\N,36,"manual",\N,2,202,0,\N,"2026-04-09 20:05:00",\N
\N,36,"manual",\N,3,168,0,\N,"2026-04-09 20:05:00",\N
\N,37,"manual",\N,2,196,1,\N,"2026-04-09 20:05:00",\N
\N,38,"manual",\N,1,199,1,\N,"2026-04-09 20:05:00",\N
\N,38,"manual",\N,2,199,0,\N,"2026-04-09 20:05:00",\N
\N,39,"manual",\N,2,200,1,\N,"2026-04-09 20:05:00",\N
\N,40,"manual",\N,2,208,1,\N,"2026-04-09 20:05:00",\N
\N,41,"manual",\N,2,203,1,\N,"2026-04-09 20:05:00",\N
\N,41,"manual",\N,3,187,0,\N,"2026-04-09 20:05:00",\N
\N,42,"manual",\N,1,188,1,\N,"2026-04-09 20:05:00",\N
\N,42,"manual",\N,2,181,0,\N,"2026-04-09 20:05:00",\N
\N,43,"manual",\N,2,181,1,\N,"2026-04-09 20:05:00",\N
\N,44,"manual",\N,1,105,1,\N,"2026-04-09 20:05:00",\N
\N,44,"manual",\N,2,125,0,\N,"2026-04-09 20:05:00",\N
\N,45,"manual",\N,2,204,1,\N,"2026-04-09 20:05:00",\N
\N,46,"manual",\N,2,208,1,\N,"2026-04-09 20:05:00",\N
\N,47,"semi_automatic",\N,2,228,1,\N,"2026-04-09 20:05:00",\N
\N,48,"manual",\N,2,228,1,\N,"2026-04-09 20:05:00",\N
\N,49,"manual",\N,1,186,1,\N,"2026-04-09 20:05:00",\N
\N,49,"manual",\N,2,204,0,\N,"2026-04-09 20:05:00",\N
\N,50,"semi_automatic",\N,2,142,1,\N,"2026-04-09 20:05:00",\N
\N,51,"manual",\N,2,142,1,\N,"2026-04-09 20:05:00",\N
\N,53,"semi_automatic",\N,1,145,1,\N,"2026-04-09 20:05:00",\N
\N,53,"semi_automatic",\N,2,133,0,\N,"2026-04-09 20:05:00",\N
\N,53,"semi_automatic",\N,3,124,0,\N,"2026-04-09 20:05:00",\N
\N,54,"manual",\N,1,145,1,\N,"2026-04-09 20:05:00",\N
\N,54,"manual",\N,2,133,0,\N,"2026-04-09 20:05:00",\N
\N,54,"manual",\N,3,124,0,\N,"2026-04-09 20:05:00",\N
\N,59,"manual",\N,1,174,1,\N,"2026-04-09 20:05:00",\N
\N,59,"manual",\N,2,174,0,\N,"2026-04-09 20:05:00",\N
\N,60,"manual",\N,2,245,1,\N,"2026-04-09 20:05:00",\N
\N,61,"manual",\N,2,228,1,\N,"2026-04-09 20:05:00",\N
\N,62,"manual",\N,2,224,1,\N,"2026-04-09 20:05:00",\N
\N,63,"semi_automatic",\N,1,225,1,\N,"2026-04-09 20:05:00",\N
\N,63,"semi_automatic",\N,2,166,0,\N,"2026-04-09 20:05:00",\N
\N,64,"manual",\N,1,225,1,\N,"2026-04-09 20:05:00",\N
\N,64,"manual",\N,2,166,0,\N,"2026-04-09 20:05:00",\N
\N,65,"manual",\N,1,189,1,\N,"2026-04-09 20:05:00",\N
\N,65,"manual",\N,2,233,0,\N,"2026-04-09 20:05:00",\N
\N,66,"manual",\N,1,173,1,\N,"2026-04-09 20:05:00",\N
\N,66,"manual",\N,2,151,0,\N,"2026-04-09 20:05:00",\N
\N,67,"manual",\N,2,185,1,\N,"2026-04-09 20:05:00",\N
\N,70,"manual",\N,3,123,1,\N,"2026-04-09 20:05:00",\N
\N,71,"manual",\N,3,123,1,\N,"2026-04-09 20:05:00",\N
\N,73,"manual",\N,2,102,1,\N,"2026-04-09 20:05:00",\N
\N,80,"manual",\N,3,104,1,\N,"2026-04-09 20:05:00",\N
\N,82,"manual",\N,3,104,1,\N,"2026-04-09 20:05:00",\N
\N,90,"manual",\N,1,149,1,\N,"2026-04-09 20:05:00",\N
\N,90,"manual",\N,2,149,0,\N,"2026-04-09 20:05:00",\N
\N,92,"machine",\N,1,217,1,\N,"2026-04-09 20:05:00",\N
\N,92,"machine",\N,2,240,0,\N,"2026-04-09 20:05:00",\N
\N,93,"manual",\N,1,217,1,\N,"2026-04-09 20:05:00",\N
\N,93,"manual",\N,2,240,0,\N,"2026-04-09 20:05:00",\N
\N,94,"machine",\N,1,194,1,\N,"2026-04-09 20:05:00",\N
\N,94,"machine",\N,2,228,0,\N,"2026-04-09 20:05:00",\N
\N,95,"manual",\N,1,169,1,\N,"2026-04-09 20:05:00",\N
\N,95,"manual",\N,2,204,0,\N,"2026-04-09 20:05:00",\N
\N,95,"manual",\N,3,174,0,\N,"2026-04-09 20:05:00",\N
\N,97,"manual",\N,1,166,1,\N,"2026-04-09 20:05:00",\N
\N,97,"manual",\N,2,166,0,\N,"2026-04-09 20:05:00",\N
\N,98,"manual",\N,3,129,1,\N,"2026-04-09 20:05:00",\N
\N,101,"manual",\N,3,147,1,\N,"2026-04-09 20:05:00",\N
\N,102,"manual",\N,3,141,1,\N,"2026-04-09 20:05:00",\N
\N,103,"manual",\N,3,143,1,\N,"2026-04-09 20:05:00",\N
\N,104,"manual",\N,3,143,1,\N,"2026-04-09 20:05:00",\N
\N,105,"manual",\N,3,150,1,\N,"2026-04-09 20:05:00",\N
\N,106,"manual",\N,3,149,1,\N,"2026-04-09 20:05:00",\N
\N,107,"manual",\N,3,130,1,\N,"2026-04-09 20:05:00",\N
\N,108,"manual",\N,3,131,1,\N,"2026-04-09 20:05:00",\N
\N,109,"manual",\N,3,112,1,\N,"2026-04-09 20:05:00",\N
\N,110,"manual",\N,3,123,1,\N,"2026-04-09 20:05:00",\N
\N,112,"manual",\N,3,118,1,\N,"2026-04-09 20:05:00",\N
\N,113,"manual",\N,3,119,1,\N,"2026-04-09 20:05:00",\N
\N,114,"manual",\N,3,118,1,\N,"2026-04-09 20:05:00",\N
\N,115,"manual",\N,3,114,1,\N,"2026-04-09 20:05:00",\N
\N,116,"manual",\N,3,115,1,\N,"2026-04-09 20:05:00",\N
\N,117,"manual",\N,3,114,1,\N,"2026-04-09 20:05:00",\N
\N,118,"manual",\N,3,114,1,\N,"2026-04-09 20:05:00",\N
\N,119,"manual",\N,3,114,1,\N,"2026-04-09 20:05:00",\N
\N,120,"manual",\N,3,119,1,\N,"2026-04-09 20:05:00",\N
\N,121,"manual",\N,3,147,1,\N,"2026-04-09 20:05:00",\N
\N,122,"manual",\N,3,164,1,\N,"2026-04-09 20:05:00",\N
\N,123,"manual",\N,3,143,1,\N,"2026-04-09 20:05:00",\N
\N,125,"manual",\N,1,155,1,\N,"2026-04-09 20:05:00",\N
\N,125,"manual",\N,2,146,0,\N,"2026-04-09 20:05:00",\N
\N,126,"manual",\N,3,104,1,\N,"2026-04-09 20:05:00",\N
\N,127,"manual",\N,3,138,1,\N,"2026-04-09 20:05:00",\N
\N,128,"manual",\N,3,177,1,\N,"2026-04-09 20:05:00",\N
\N,129,"manual",\N,3,128,1,\N,"2026-04-09 20:05:00",\N
\N,130,"manual",\N,3,134,1,\N,"2026-04-09 20:05:00",\N
\N,131,"manual",\N,3,155,1,\N,"2026-04-09 20:05:00",\N
\N,132,"manual",\N,3,138,1,\N,"2026-04-09 20:05:00",\N
\N,134,"manual",\N,3,131,1,\N,"2026-04-09 20:05:00",\N
\N,135,"manual",\N,3,136,1,\N,"2026-04-09 20:05:00",\N
\N,138,"manual",\N,3,105,1,\N,"2026-04-09 20:05:00",\N
\N,140,"manual",\N,3,101,1,\N,"2026-04-09 20:05:00",\N
\N,141,"manual",\N,3,139,1,\N,"2026-04-09 20:05:00",\N
\N,142,"machine",\N,3,132,1,\N,"2026-04-09 20:05:00",\N
\N,143,"manual",\N,3,132,1,\N,"2026-04-09 20:05:00",\N
\N,146,"manual",\N,3,129,1,\N,"2026-04-09 20:05:00",\N
\N,147,"manual",\N,3,150,1,\N,"2026-04-09 20:05:00",\N
\N,148,"machine",\N,3,161,1,\N,"2026-04-09 20:05:00",\N
\N,149,"manual",\N,3,161,1,\N,"2026-04-09 20:05:00",\N
\N,150,"manual",\N,3,160,1,\N,"2026-04-09 20:05:00",\N
\N,151,"manual",\N,3,161,1,\N,"2026-04-09 20:05:00",\N
\N,152,"manual",\N,3,149,1,\N,"2026-04-09 20:05:00",\N
\N,153,"manual",\N,3,144,1,\N,"2026-04-09 20:05:00",\N
\N,155,"manual",\N,3,144,1,\N,"2026-04-09 20:05:00",\N
\N,157,"manual",\N,3,161,1,\N,"2026-04-09 20:05:00",\N
\N,159,"manual",\N,3,135,1,\N,"2026-04-09 20:05:00",\N
\N,160,"manual",\N,2,143,1,\N,"2026-04-09 20:05:00",\N
\N,160,"manual",\N,3,135,0,\N,"2026-04-09 20:05:00",\N
\N,161,"manual",\N,3,134,1,\N,"2026-04-09 20:05:00",\N
\N,162,"manual",\N,3,135,1,\N,"2026-04-09 20:05:00",\N
\N,163,"manual",\N,3,134,1,\N,"2026-04-09 20:05:00",\N
\N,164,"manual",\N,3,135,1,\N,"2026-04-09 20:05:00",\N
\N,167,"manual",\N,3,135,1,\N,"2026-04-09 20:05:00",\N
\N,168,"manual",\N,3,155,1,\N,"2026-04-09 20:05:00",\N
\N,169,"manual",\N,3,134,1,\N,"2026-04-09 20:05:00",\N
\N,171,"manual",\N,2,139,1,\N,"2026-04-09 20:05:00",\N
\N,171,"manual",\N,3,105,0,\N,"2026-04-09 20:05:00",\N
\N,172,"manual",\N,3,105,1,\N,"2026-04-09 20:05:00",\N
\N,173,"manual",\N,3,105,1,\N,"2026-04-09 20:05:00",\N
\N,174,"semi_automatic",\N,1,300,1,\N,"2026-04-09 20:05:00",\N
\N,174,"semi_automatic",\N,2,204,0,\N,"2026-04-09 20:05:00",\N
\N,175,"manual",\N,1,300,1,\N,"2026-04-09 20:05:00",\N
\N,175,"manual",\N,2,204,0,\N,"2026-04-09 20:05:00",\N
\N,177,"manual",\N,1,195,1,\N,"2026-04-09 20:05:00",\N
\N,179,"machine",\N,1,173,1,\N,"2026-04-09 20:05:00",\N
\N,179,"machine",\N,2,208,0,\N,"2026-04-09 20:05:00",\N
\N,180,"manual",\N,1,173,1,\N,"2026-04-09 20:05:00",\N
\N,180,"manual",\N,2,208,0,\N,"2026-04-09 20:05:00",\N
\N,181,"manual",\N,2,251,1,\N,"2026-04-09 20:05:00",\N
\N,186,"machine",\N,1,194,1,\N,"2026-04-09 20:05:00",\N
\N,186,"machine",\N,2,228,0,\N,"2026-04-09 20:05:00",\N
\N,187,"manual",\N,1,194,1,\N,"2026-04-09 20:05:00",\N
\N,187,"manual",\N,2,228,0,\N,"2026-04-09 20:05:00",\N
\N,190,"semi_automatic",\N,1,229,1,\N,"2026-04-09 20:05:00",\N
\N,190,"semi_automatic",\N,2,219,0,\N,"2026-04-09 20:05:00",\N
\N,191,"manual",\N,1,229,1,\N,"2026-04-09 20:05:00",\N
\N,191,"manual",\N,2,219,0,\N,"2026-04-09 20:05:00",\N
\N,193,"semi_automatic",\N,1,375,1,\N,"2026-04-09 20:05:00",\N
\N,193,"semi_automatic",\N,2,204,0,\N,"2026-04-09 20:05:00",\N
\N,193,"semi_automatic",\N,3,179,0,\N,"2026-04-09 20:05:00",\N
\N,194,"manual",\N,1,375,1,\N,"2026-04-09 20:05:00",\N
\N,194,"manual",\N,2,204,0,\N,"2026-04-09 20:05:00",\N
\N,194,"manual",\N,3,179,0,\N,"2026-04-09 20:05:00",\N
\N,198,"manual",\N,2,150,1,\N,"2026-04-09 20:05:00",\N
\N,200,"manual",\N,2,116,1,\N,"2026-04-09 20:05:00",\N
\N,204,"manual",\N,3,112,1,\N,"2026-04-09 20:05:00",\N
\N,207,"manual",\N,3,121,1,\N,"2026-04-09 20:05:00",\N
\N,216,"manual",\N,3,105,1,\N,"2026-04-09 20:05:00",\N
\N,225,"manual",\N,3,81,1,\N,"2026-04-09 20:05:00",\N
\N,230,"manual",\N,3,129,1,\N,"2026-04-09 20:05:00",\N
\N,233,"manual",\N,2,324,1,\N,"2026-04-09 20:05:00",\N
\N,236,"semi_automatic",\N,2,329,1,\N,"2026-04-09 20:05:00",\N
\N,237,"manual",\N,2,329,1,\N,"2026-04-09 20:05:00",\N
\N,239,"manual",\N,3,69,1,\N,"2026-04-09 20:05:00",\N
\N,250,"manual",\N,3,112,1,\N,"2026-04-09 20:05:00",\N
\N,251,"manual",\N,3,135,1,\N,"2026-04-09 20:05:00",\N
\N,252,"manual",\N,3,134,1,\N,"2026-04-09 20:05:00",\N
\N,264,"manual",\N,3,101,1,\N,"2026-04-09 20:05:00",\N
\N,266,"manual",\N,2,151,1,\N,"2026-04-09 20:05:00",\N
\N,267,"manual",\N,2,96,1,\N,"2026-04-09 20:05:00",\N
\N,273,"manual",\N,3,84,1,\N,"2026-04-09 20:05:00",\N
\N,279,"manual",\N,3,99,1,\N,"2026-04-09 20:05:00",\N
\N,282,"manual",\N,2,117,1,\N,"2026-04-09 20:05:00",\N
\N,300,"manual",\N,1,236,1,\N,"2026-04-09 20:05:00",\N
\N,300,"manual",\N,2,224,0,\N,"2026-04-09 20:05:00",\N
\N,301,"manual",\N,1,220,1,\N,"2026-04-09 20:05:00",\N
\N,301,"manual",\N,2,224,0,\N,"2026-04-09 20:05:00",\N
\N,302,"manual",\N,1,189,1,\N,"2026-04-09 20:05:00",\N
\N,302,"manual",\N,2,189,0,\N,"2026-04-09 20:05:00",\N
\N,307,"manual",\N,3,118,1,\N,"2026-04-09 20:05:00",\N
\N,319,"manual",\N,3,128,1,\N,"2026-04-09 20:05:00",\N
\N,322,"manual",\N,3,115,1,\N,"2026-04-09 20:05:00",\N
\N,323,"manual",\N,3,154,1,\N,"2026-04-09 20:05:00",\N
\N,328,"manual",\N,3,136,1,\N,"2026-04-09 20:05:00",\N
\N,331,"manual",\N,3,131,1,\N,"2026-04-09 20:05:00",\N
\N,333,"manual",\N,2,136,1,\N,"2026-04-09 20:05:00",\N
\N,334,"manual",\N,2,184,1,\N,"2026-04-09 20:05:00",\N
\N,335,"manual",\N,2,144,1,\N,"2026-04-09 20:05:00",\N
\N,337,"manual",\N,2,144,1,\N,"2026-04-09 20:05:00",\N
\N,338,"manual",\N,2,230,1,\N,"2026-04-09 20:05:00",\N
\N,344,"manual",\N,2,200,1,\N,"2026-04-09 20:05:00",\N
\N,345,"manual",\N,2,161,1,\N,"2026-04-09 20:05:00",\N
\N,346,"manual",\N,2,154,1,\N,"2026-04-09 20:05:00",\N
\N,347,"manual",\N,2,171,1,\N,"2026-04-09 20:05:00",\N
\N,350,"manual",\N,3,81,1,\N,"2026-04-09 20:05:00",\N
\N,351,"manual",\N,3,105,1,\N,"2026-04-09 20:05:00",\N
\N,352,"manual",\N,3,121,1,\N,"2026-04-09 20:05:00",\N
\N,353,"manual",\N,3,124,1,\N,"2026-04-09 20:05:00",\N
\N,354,"manual",\N,3,93,1,\N,"2026-04-09 20:05:00",\N
\N,355,"manual",\N,3,112,1,\N,"2026-04-09 20:05:00",\N
\N,358,"manual",\N,3,104,1,\N,"2026-04-09 20:05:00",\N
\N,367,"manual",\N,3,110,1,\N,"2026-04-09 20:05:00",\N
\N,369,"manual",\N,3,116,1,\N,"2026-04-09 20:05:00",\N
\N,370,"manual",\N,3,113,1,\N,"2026-04-09 20:05:00",\N
\N,377,"manual",\N,3,135,1,\N,"2026-04-09 20:05:00",\N
\N,378,"manual",\N,3,143,1,\N,"2026-04-09 20:05:00",\N
\N,379,"manual",\N,2,195,1,\N,"2026-04-09 20:05:00",\N
\N,379,"manual",\N,3,131,0,\N,"2026-04-09 20:05:00",\N
\N,382,"manual",\N,2,125,1,\N,"2026-04-09 20:05:00",\N
\N,382,"manual",\N,3,130,0,\N,"2026-04-09 20:05:00",\N
\N,383,"manual",\N,2,245,1,\N,"2026-04-09 20:05:00",\N
\N,384,"manual",\N,3,133,1,\N,"2026-04-09 20:05:00",\N
\N,386,"manual",\N,3,127,1,\N,"2026-04-09 20:05:00",\N
\N,390,"manual",\N,3,161,1,\N,"2026-04-09 20:05:00",\N
\N,391,"manual",\N,3,135,1,\N,"2026-04-09 20:05:00",\N
\N,394,"manual",\N,3,119,1,\N,"2026-04-09 20:05:00",\N
\N,400,"manual",\N,3,131,1,\N,"2026-04-09 20:05:00",\N
\N,401,"manual",\N,3,115,1,\N,"2026-04-09 20:05:00",\N
\N,407,"manual",\N,3,119,1,\N,"2026-04-09 20:05:00",\N
\N,408,"manual",\N,3,119,1,\N,"2026-04-09 20:05:00",\N
\N,409,"manual",\N,3,156,1,\N,"2026-04-09 20:05:00",\N
\N,410,"manual",\N,3,122,1,\N,"2026-04-09 20:05:00",\N
\N,411,"manual",\N,3,118,1,\N,"2026-04-09 20:05:00",\N
\N,412,"manual",\N,3,108,1,\N,"2026-04-09 20:05:00",\N
\N,413,"manual",\N,3,108,1,\N,"2026-04-09 20:05:00",\N
\N,414,"manual",\N,3,123,1,\N,"2026-04-09 20:05:00",\N
\N,415,"manual",\N,3,122,1,\N,"2026-04-09 20:05:00",\N
\N,416,"manual",\N,2,132,1,\N,"2026-04-09 20:05:00",\N
\N,416,"manual",\N,3,119,0,\N,"2026-04-09 20:05:00",\N
\N,422,"manual",\N,3,142,1,\N,"2026-04-09 20:05:00",\N
\N,423,"manual",\N,3,122,1,\N,"2026-04-09 20:05:00",\N
\N,430,"manual",\N,3,161,1,\N,"2026-04-09 20:05:00",\N
\N,432,"manual",\N,3,113,1,\N,"2026-04-09 20:05:00",\N
\N,433,"manual",\N,1,396,1,\N,"2026-04-09 20:05:00",\N
\N,433,"manual",\N,2,328,0,\N,"2026-04-09 20:05:00",\N
\N,434,"manual",\N,2,272,1,\N,"2026-04-09 20:05:00",\N
\N,436,"manual",\N,3,123,1,\N,"2026-04-09 20:05:00",\N
\N,438,"manual",\N,3,155,1,\N,"2026-04-09 20:05:00",\N
\N,439,"manual",\N,2,120,1,\N,"2026-04-09 20:05:00",\N
\N,440,"manual",\N,3,69,1,\N,"2026-04-09 20:05:00",\N
\N,441,"manual",\N,2,93,1,\N,"2026-04-09 20:05:00",\N
\N,442,"manual",\N,2,228,1,\N,"2026-04-09 20:05:00",\N
\N,448,"manual",\N,2,149,1,\N,"2026-04-09 20:05:00",\N
