"","1","53",NULL,NULL,NULL,"","2","","1","0","STS H-CL-181-1222-90/9",NULL,"2026-04-09 20:05:00",NULL
"","2","53",NULL,NULL,NULL,"","","3","1","0","STS H-CL-181-1224-90/9",NULL,"2026-04-09 20:05:00",NULL
"","3","53",NULL,NULL,NULL,"","","3","1","0","STS H-CL-181-1226-90/9",NULL,"2026-04-09 20:05:00",NULL
"","4","53",NULL,NULL,NULL,"","","3","1","0","STS H-CL-181-2222-90/9",NULL,"2026-04-09 20:05:00",NULL
"","5","53",NULL,NULL,NULL,"","","3","1","0","STS H-CL-181-2222-90/9-10",NULL,"2026-04-09 20:05:00",NULL
"","6","53",NULL,NULL,NULL,"","","3","1","0","STS H-CL-181-3222-0/9",NULL,"2026-04-09 20:05:00",NULL
"","7","104",NULL,NULL,NULL,"","","3","1","0","STS H-CL-181-3222-90/9",NULL,"2026-04-09 20:05:00",NULL
"","8","375",NULL,NULL,NULL,"1","","","1","0","STS H-C-1",NULL,"2026-04-09 20:05:00",NULL
"","8","215",NULL,NULL,NULL,"","2","","1","0","STS H-C-1",NULL,"2026-04-09 20:05:00",NULL
"","8","189",NULL,NULL,NULL,"","","3","1","0","STS H-C-1",NULL,"2026-04-09 20:05:00",NULL
"","9","0",NULL,NULL,NULL,"","","","1","0","STS H-C110-35",NULL,"2026-04-09 20:05:00",NULL
"","10","0",NULL,NULL,NULL,"","","","1","0","STS H-C-110-41",NULL,"2026-04-09 20:05:00",NULL
"","11","307",NULL,NULL,NULL,"1","","","1","0","STS H-C-112",NULL,"2026-04-09 20:05:00",NULL
"","11","269",NULL,NULL,NULL,"","2","","1","0","STS H-C-112",NULL,"2026-04-09 20:05:00",NULL
"","12","0",NULL,NULL,NULL,"","","","1","0","STS H-C-113",NULL,"2026-04-09 20:05:00",NULL
"","13","0",NULL,NULL,NULL,"","","","1","0","STS H-C-145-1B",NULL,"2026-04-09 20:05:00",NULL
"","14","226",NULL,NULL,NULL,"1","","","1","0","STS H-C-2",NULL,"2026-04-09 20:05:00",NULL
"","14","214",NULL,NULL,NULL,"","2","","1","0","STS H-C-2",NULL,"2026-04-09 20:05:00",NULL
"","14","173",NULL,NULL,NULL,"","","3","1","0","STS H-C-2",NULL,"2026-04-09 20:05:00",NULL
"","15","237",NULL,NULL,NULL,"","2","","1","0","STS H-C-249-1",NULL,"2026-04-09 20:05:00",NULL
"","16","237",NULL,NULL,NULL,"","2","","1","0","STS H-C-249-1BP",NULL,"2026-04-09 20:05:00",NULL
"","17","237",NULL,NULL,NULL,"","2","","1","0","STS H-C-249-2",NULL,"2026-04-09 20:05:00",NULL
"","18","237",NULL,NULL,NULL,"","2","","1","0","STS H-C-249-50-2",NULL,"2026-04-09 20:05:00",NULL
"","19","237",NULL,NULL,NULL,"","2","","1","0","STS H-C-249-50-3",NULL,"2026-04-09 20:05:00",NULL
"","20","237",NULL,NULL,NULL,"","2","","1","0","STS H-C-249-8",NULL,"2026-04-09 20:05:00",NULL
"","21","229",NULL,NULL,NULL,"1","","","1","0","STS H-C-3",NULL,"2026-04-09 20:05:00",NULL
"","21","228",NULL,NULL,NULL,"","2","","1","0","STS H-C-3",NULL,"2026-04-09 20:05:00",NULL
"","21","177",NULL,NULL,NULL,"","","3","1","0","STS H-C-3",NULL,"2026-04-09 20:05:00",NULL
"","22","0",NULL,NULL,NULL,"","","","1","0","STS H-C-3-03",NULL,"2026-04-09 20:05:00",NULL
"","23","300",NULL,NULL,NULL,"","2","","1","0","STS H-C-3-2",NULL,"2026-04-09 20:05:00",NULL
"","24","192",NULL,NULL,NULL,"1","","","1","0","STS H-C-4",NULL,"2026-04-09 20:05:00",NULL
"","24","183",NULL,NULL,NULL,"","2","","1","0","STS H-C-4",NULL,"2026-04-09 20:05:00",NULL
"","25","375",NULL,NULL,NULL,"1","","","1","0","STS H-C4-1",NULL,"2026-04-09 20:05:00",NULL
"","25","183",NULL,NULL,NULL,"","2","","1","0","STS H-C4-1",NULL,"2026-04-09 20:05:00",NULL
"","26","385",NULL,NULL,NULL,"1","","","1","0","STS H-C4-2",NULL,"2026-04-09 20:05:00",NULL
"","26","200",NULL,NULL,NULL,"","2","","1","0","STS H-C4-2",NULL,"2026-04-09 20:05:00",NULL
"","26","184",NULL,NULL,NULL,"","","3","1","0","STS H-C4-2",NULL,"2026-04-09 20:05:00",NULL
"","27","375",NULL,NULL,NULL,"1","","","1","0","STS H-C4-3",NULL,"2026-04-09 20:05:00",NULL
"","27","208",NULL,NULL,NULL,"","2","","1","0","STS H-C4-3",NULL,"2026-04-09 20:05:00",NULL
"","27","197",NULL,NULL,NULL,"","","3","1","0","STS H-C4-3",NULL,"2026-04-09 20:05:00",NULL
"","28","197",NULL,NULL,NULL,"","2","","1","0","STS H-C4-3-01",NULL,"2026-04-09 20:05:00",NULL
"","29","375",NULL,NULL,NULL,"1","","","1","0","STS H-C4-4",NULL,"2026-04-09 20:05:00",NULL
"","29","202",NULL,NULL,NULL,"","2","","1","0","STS H-C4-4",NULL,"2026-04-09 20:05:00",NULL
"","29","168",NULL,NULL,NULL,"","","3","1","0","STS H-C4-4",NULL,"2026-04-09 20:05:00",NULL
"","30","196",NULL,NULL,NULL,"","2","","1","0","STS H-C4-5",NULL,"2026-04-09 20:05:00",NULL
"","31","199",NULL,NULL,NULL,"1","","","1","0","STS H-C4-6",NULL,"2026-04-09 20:05:00",NULL
"","31","199",NULL,NULL,NULL,"","2","","1","0","STS H-C4-6",NULL,"2026-04-09 20:05:00",NULL
"","32","200",NULL,NULL,NULL,"","2","","1","0","STS H-C4-7",NULL,"2026-04-09 20:05:00",NULL
"","33","208",NULL,NULL,NULL,"","2","","1","0","STS H-C4-8",NULL,"2026-04-09 20:05:00",NULL
"","34","203",NULL,NULL,NULL,"","2","","1","0","STS H-C-5",NULL,"2026-04-09 20:05:00",NULL
"","34","187",NULL,NULL,NULL,"","","3","1","0","STS H-C-5",NULL,"2026-04-09 20:05:00",NULL
"","35","188",NULL,NULL,NULL,"1","","","1","0","STS H-C5-20",NULL,"2026-04-09 20:05:00",NULL
"","35","181",NULL,NULL,NULL,"","2","","1","0","STS H-C5-20",NULL,"2026-04-09 20:05:00",NULL
"","36","181",NULL,NULL,NULL,"","2","","1","0","STS H-C5-21",NULL,"2026-04-09 20:05:00",NULL
"","37","105",NULL,NULL,NULL,"1","","","1","0","STS H-C5-22",NULL,"2026-04-09 20:05:00",NULL
"","37","125",NULL,NULL,NULL,"","2","","1","0","STS H-C5-22",NULL,"2026-04-09 20:05:00",NULL
"","38","204",NULL,NULL,NULL,"","2","","1","0","STS H-C5-5",NULL,"2026-04-09 20:05:00",NULL
"","39","208",NULL,NULL,NULL,"","2","","1","0","STS H-C5-6",NULL,"2026-04-09 20:05:00",NULL
"","40","228",NULL,NULL,NULL,"","2","","1","0","STS H-C5-7",NULL,"2026-04-09 20:05:00",NULL
"","41","186",NULL,NULL,NULL,"1","","","1","0","STS H-C5-8",NULL,"2026-04-09 20:05:00",NULL
"","41","204",NULL,NULL,NULL,"","2","","1","0","STS H-C5-8",NULL,"2026-04-09 20:05:00",NULL
"","42","142",NULL,NULL,NULL,"","2","","1","0","STS H-C-6",NULL,"2026-04-09 20:05:00",NULL
"","43","0",NULL,NULL,NULL,"","","","1","0","STS H-C-607-10",NULL,"2026-04-09 20:05:00",NULL
"","44","145",NULL,NULL,NULL,"1","","","1","0","STS H-C-7",NULL,"2026-04-09 20:05:00",NULL
"","44","133",NULL,NULL,NULL,"","2","","1","0","STS H-C-7",NULL,"2026-04-09 20:05:00",NULL
"","44","124",NULL,NULL,NULL,"","","3","1","0","STS H-C-7",NULL,"2026-04-09 20:05:00",NULL
"","45","0",NULL,NULL,NULL,"","","","1","0","STS H-CL4-4-1",NULL,"2026-04-09 20:05:00",NULL
"","46","0",NULL,NULL,NULL,"","","","1","0","STS H-CL-6-11-3",NULL,"2026-04-09 20:05:00",NULL
"","47","0",NULL,NULL,NULL,"","","","1","0","STS H-CL-6-11-4",NULL,"2026-04-09 20:05:00",NULL
"","48","0",NULL,NULL,NULL,"","","","1","0","STS H-CL-8-03",NULL,"2026-04-09 20:05:00",NULL
"","49","174",NULL,NULL,NULL,"1","","","1","0","STS H-HC-1",NULL,"2026-04-09 20:05:00",NULL
"","49","174",NULL,NULL,NULL,"","2","","1","0","STS H-HC-1",NULL,"2026-04-09 20:05:00",NULL
"","50","245",NULL,NULL,NULL,"","2","","1","0","STS H-HC-2",NULL,"2026-04-09 20:05:00",NULL
"","50","245",NULL,NULL,NULL,"","2","","1","0","STS H-HC-2",NULL,"2026-04-09 20:05:00",NULL
"","51","228",NULL,NULL,NULL,"","2","","1","0","STS H-HC-3",NULL,"2026-04-09 20:05:00",NULL
"","52","224",NULL,NULL,NULL,"","2","","1","0","STS H-HC-4",NULL,"2026-04-09 20:05:00",NULL
"","53","225",NULL,NULL,NULL,"1","","","1","0","STS H-HC-5",NULL,"2026-04-09 20:05:00",NULL
"","53","166",NULL,NULL,NULL,"","2","","1","0","STS H-HC-5",NULL,"2026-04-09 20:05:00",NULL
"","54","189",NULL,NULL,NULL,"1","","","1","0","STS H-I-1",NULL,"2026-04-09 20:05:00",NULL
"","54","233",NULL,NULL,NULL,"","2","","1","0","STS H-I-1",NULL,"2026-04-09 20:05:00",NULL
"","55","173",NULL,NULL,NULL,"1","","","1","0","STS H-I-2",NULL,"2026-04-09 20:05:00",NULL
"","55","151",NULL,NULL,NULL,"","2","","1","0","STS H-I-2",NULL,"2026-04-09 20:05:00",NULL
"","56","185",NULL,NULL,NULL,"","2","","1","0","STS H-I-3",NULL,"2026-04-09 20:05:00",NULL
"","57","0",NULL,NULL,NULL,"","","","1","0","STS H-I-4",NULL,"2026-04-09 20:05:00",NULL
"","58","0",NULL,NULL,NULL,"","","","1","0","STS H-I-5",NULL,"2026-04-09 20:05:00",NULL
"","59","123",NULL,NULL,NULL,"","","3","1","0","STS H-IB-250-B5B",NULL,"2026-04-09 20:05:00",NULL
"","60","123",NULL,NULL,NULL,"","","3","1","0","STS H-IB-350-B6B",NULL,"2026-04-09 20:05:00",NULL
"","61","0",NULL,NULL,NULL,"","","","1","0","STS H-ID-41",NULL,"2026-04-09 20:05:00",NULL
"","62","102",NULL,NULL,NULL,"","2","","1","0","STS H-ID-43",NULL,"2026-04-09 20:05:00",NULL
"","63","0",NULL,NULL,NULL,"","","","1","0","STS H-ID-47",NULL,"2026-04-09 20:05:00",NULL
"","64","0",NULL,NULL,NULL,"","","","1","0","STS H-ID-48",NULL,"2026-04-09 20:05:00",NULL
"","65","0",NULL,NULL,NULL,"","","","1","0","STS H-IL-250-A50",NULL,"2026-04-09 20:05:00",NULL
"","66","0",NULL,NULL,NULL,"","","","1","0","STS H-IL-250-A53",NULL,"2026-04-09 20:05:00",NULL
"","67","0",NULL,NULL,NULL,"","","","1","0","STS H-IL-250-A54",NULL,"2026-04-09 20:05:00",NULL
"","68","0",NULL,NULL,NULL,"","","","1","0","STS H-IL-250-C50",NULL,"2026-04-09 20:05:00",NULL
"","69","104",NULL,NULL,NULL,"","","3","1","0","STS H-IL-350-A60",NULL,"2026-04-09 20:05:00",NULL
"","70","0",NULL,NULL,NULL,"","","","1","0","STS H-IL-350-A61",NULL,"2026-04-09 20:05:00",NULL
"","71","104",NULL,NULL,NULL,"","","3","1","0","STS H-IL-350-A62",NULL,"2026-04-09 20:05:00",NULL
"","72","0",NULL,NULL,NULL,"","","","1","0","STS H-IL-350-A63",NULL,"2026-04-09 20:05:00",NULL
"","73","0",NULL,NULL,NULL,"","","","1","0","STS H-IL-350-A64",NULL,"2026-04-09 20:05:00",NULL
"","74","0",NULL,NULL,NULL,"","","","1","0","STS H-IL-350-A65",NULL,"2026-04-09 20:05:00",NULL
"","75","0",NULL,NULL,NULL,"","","","1","0","STS H-MB-301N-BH",NULL,"2026-04-09 20:05:00",NULL
"","76","0",NULL,NULL,NULL,"","","","1","0","STS H-IL-350-C60",NULL,"2026-04-09 20:05:00",NULL
"","77","0",NULL,NULL,NULL,"","","","1","0","STS H-IL-550-A70",NULL,"2026-04-09 20:05:00",NULL
"","78","0",NULL,NULL,NULL,"","","","1","0","STS H-IL-550-A71",NULL,"2026-04-09 20:05:00",NULL
"","79","149",NULL,NULL,NULL,"1","","","1","0","STS H-M-1",NULL,"2026-04-09 20:05:00",NULL
"","79","149",NULL,NULL,NULL,"","2","","1","0","STS H-M-1",NULL,"2026-04-09 20:05:00",NULL
"","80","0",NULL,NULL,NULL,"","","","1","0","STS H-M-1-C2",NULL,"2026-04-09 20:05:00",NULL
"","81","217",NULL,NULL,NULL,"1","","","1","0","STS H-M-2",NULL,"2026-04-09 20:05:00",NULL
"","81","240",NULL,NULL,NULL,"","2","","1","0","STS H-M-2",NULL,"2026-04-09 20:05:00",NULL
"","82","194",NULL,NULL,NULL,"1","","","1","0","STS H-M-3",NULL,"2026-04-09 20:05:00",NULL
"","82","228",NULL,NULL,NULL,"","2","","1","0","STS H-M-3",NULL,"2026-04-09 20:05:00",NULL
"","83","169",NULL,NULL,NULL,"1","","","1","0","STS H-M-4",NULL,"2026-04-09 20:05:00",NULL
"","83","204",NULL,NULL,NULL,"","2","","1","0","STS H-M-4",NULL,"2026-04-09 20:05:00",NULL
"","83","174",NULL,NULL,NULL,"","","3","1","0","STS H-M-4",NULL,"2026-04-09 20:05:00",NULL
"","84","0",NULL,NULL,NULL,"","","","1","0","STS H-M-4-01-WI",NULL,"2026-04-09 20:05:00",NULL
"","85","166",NULL,NULL,NULL,"1","","","1","0","STS H-M-5",NULL,"2026-04-09 20:05:00",NULL
"","85","166",NULL,NULL,NULL,"","2","","1","0","STS H-M-5",NULL,"2026-04-09 20:05:00",NULL
"","86","129",NULL,NULL,NULL,"","","3","1","0","STS H-MB-101N 10""",NULL,"2026-04-09 20:05:00",NULL
"","87","0",NULL,NULL,NULL,"","","","1","0","STS H-MB-106-N",NULL,"2026-04-09 20:05:00",NULL
"","88","0",NULL,NULL,NULL,"","","","1","0","STS H-MB-106-T",NULL,"2026-04-09 20:05:00",NULL
"","89","147",NULL,NULL,NULL,"","","3","1","0","STS H-MB-201N 10"" LEAD",NULL,"2026-04-09 20:05:00",NULL
"","90","141",NULL,NULL,NULL,"","","3","1","0","STS H-MB-201T 10"" LEAD",NULL,"2026-04-09 20:05:00",NULL
"","91","143",NULL,NULL,NULL,"","","3","1","0","STS H-MB-206N",NULL,"2026-04-09 20:05:00",NULL
"","92","143",NULL,NULL,NULL,"","","3","1","0","STS H-MB-206T",NULL,"2026-04-09 20:05:00",NULL
"","93","150",NULL,NULL,NULL,"","","3","1","0","STS H-MB-301N 10"" LEAD",NULL,"2026-04-09 20:05:00",NULL
"","94","149",NULL,NULL,NULL,"","","3","1","0","STS H-MB-301T 10"" LEAD",NULL,"2026-04-09 20:05:00",NULL
"","95","130",NULL,NULL,NULL,"","","3","1","0","STS H-MB-306N",NULL,"2026-04-09 20:05:00",NULL
"","96","131",NULL,NULL,NULL,"","","3","1","0","STS H-MB-306T",NULL,"2026-04-09 20:05:00",NULL
"","97","112",NULL,NULL,NULL,"","","3","1","0","STS H-MB-401N 10""",NULL,"2026-04-09 20:05:00",NULL
"","98","123",NULL,NULL,NULL,"","","3","1","0","STS H-MB-406N",NULL,"2026-04-09 20:05:00",NULL
"","99","0",NULL,NULL,NULL,"","","","1","0","STS H-MB-406T",NULL,"2026-04-09 20:05:00",NULL
"","100","118",NULL,NULL,NULL,"","","3","1","0","STS H-MB-501N 10"" LEAD",NULL,"2026-04-09 20:05:00",NULL
"","101","119",NULL,NULL,NULL,"","","3","1","0","STS H-MB-506N",NULL,"2026-04-09 20:05:00",NULL
"","102","118",NULL,NULL,NULL,"","","3","1","0","STS H-MB-506T",NULL,"2026-04-09 20:05:00",NULL
"","103","114",NULL,NULL,NULL,"","","3","1","0","STS H-ML-1",NULL,"2026-04-09 20:05:00",NULL
"","104","115",NULL,NULL,NULL,"","","3","1","0","STS H-ML-10",NULL,"2026-04-09 20:05:00",NULL
"","105","114",NULL,NULL,NULL,"","","3","1","0","STS H-ML-10-3",NULL,"2026-04-09 20:05:00",NULL
"","106","114",NULL,NULL,NULL,"","","3","1","0","STS H-ML-10-4",NULL,"2026-04-09 20:05:00",NULL
"","107","114",NULL,NULL,NULL,"","","3","1","0","STS H-ML-10-6",NULL,"2026-04-09 20:05:00",NULL
"","108","119",NULL,NULL,NULL,"","","3","1","0","STS H-ML-10-9",NULL,"2026-04-09 20:05:00",NULL
"","109","147",NULL,NULL,NULL,"","","3","1","0","STS H-ML-11",NULL,"2026-04-09 20:05:00",NULL
"","110","164",NULL,NULL,NULL,"","","3","1","0","STS H-ML-12",NULL,"2026-04-09 20:05:00",NULL
"","111","143",NULL,NULL,NULL,"","","3","1","0","STS H-ML-13",NULL,"2026-04-09 20:05:00",NULL
"","112","0",NULL,NULL,NULL,"","","","1","0","STS H-ML-13-01-WI",NULL,"2026-04-09 20:05:00",NULL
"","113","155",NULL,NULL,NULL,"","1","","1","0","STS H-ML-14",NULL,"2026-04-09 20:05:00",NULL
"","113","146",NULL,NULL,NULL,"","","2","1","0","STS H-ML-14",NULL,"2026-04-09 20:05:00",NULL
"","114","104",NULL,NULL,NULL,"","","3","1","0","STS H-ML-15",NULL,"2026-04-09 20:05:00",NULL
"","115","138",NULL,NULL,NULL,"","","3","1","0","STS H-ML-16",NULL,"2026-04-09 20:05:00",NULL
"","116","177",NULL,NULL,NULL,"","","3","1","0","STS H-ML-17",NULL,"2026-04-09 20:05:00",NULL
"","117","128",NULL,NULL,NULL,"","","3","1","0","STS H-ML-18",NULL,"2026-04-09 20:05:00",NULL
"","118","134",NULL,NULL,NULL,"","","3","1","0","STS H-ML-19",NULL,"2026-04-09 20:05:00",NULL
"","119","155",NULL,NULL,NULL,"","","3","1","0","STS H-ML-2",NULL,"2026-04-09 20:05:00",NULL
"","120","138",NULL,NULL,NULL,"","","3","1","0","STS H-ML-20",NULL,"2026-04-09 20:05:00",NULL
"","121","0",NULL,NULL,NULL,"","","","1","0","STS H-ML-2-94",NULL,"2026-04-09 20:05:00",NULL
"","122","131",NULL,NULL,NULL,"","","3","1","0","STS H-ML-3",NULL,"2026-04-09 20:05:00",NULL
"","123","136",NULL,NULL,NULL,"","","3","1","0","STS H-ML-3-0",NULL,"2026-04-09 20:05:00",NULL
"","124","0",NULL,NULL,NULL,"","","","1","0","STS H-ML-3-9",NULL,"2026-04-09 20:05:00",NULL
"","125","0",NULL,NULL,NULL,"","","","1","0","STS H-ML-3-94",NULL,"2026-04-09 20:05:00",NULL
"","126","105",NULL,NULL,NULL,"","","3","1","0","STS H-ML-4",NULL,"2026-04-09 20:05:00",NULL
"","127","0",NULL,NULL,NULL,"","","","1","0","STS H-ML-4-94",NULL,"2026-04-09 20:05:00",NULL
"","128","101",NULL,NULL,NULL,"","","3","1","0","STS H-ML-5",NULL,"2026-04-09 20:05:00",NULL
"","129","139",NULL,NULL,NULL,"","","3","1","0","STS H-ML-6",NULL,"2026-04-09 20:05:00",NULL
"","130","132",NULL,NULL,NULL,"","","3","1","0","STS H-ML-7",NULL,"2026-04-09 20:05:00",NULL
"","131","0",NULL,NULL,NULL,"","","","1","0","STS H-ML-7-0",NULL,"2026-04-09 20:05:00",NULL
"","132","0",NULL,NULL,NULL,"","","","1","0","STS H-ML-7-2",NULL,"2026-04-09 20:05:00",NULL
"","133","129",NULL,NULL,NULL,"","","3","1","0","STS H-ML-7-3",NULL,"2026-04-09 20:05:00",NULL
"","134","150",NULL,NULL,NULL,"","","3","1","0","STS H-ML-7-4",NULL,"2026-04-09 20:05:00",NULL
"","135","161",NULL,NULL,NULL,"","","3","1","0","STS H-ML-7-5",NULL,"2026-04-09 20:05:00",NULL
"","136","160",NULL,NULL,NULL,"","","3","1","0","STS H-ML-7-6",NULL,"2026-04-09 20:05:00",NULL
"","137","161",NULL,NULL,NULL,"","","3","1","0","STS H-ML-7-9",NULL,"2026-04-09 20:05:00",NULL
"","138","149",NULL,NULL,NULL,"","","3","1","0","STS H-ML-7-91",NULL,"2026-04-09 20:05:00",NULL
"","139","144",NULL,NULL,NULL,"","","3","1","0","STS H-ML-7-92",NULL,"2026-04-09 20:05:00",NULL
"","140","0",NULL,NULL,NULL,"","","","1","0","STS H-ML-7-93",NULL,"2026-04-09 20:05:00",NULL
"","141","144",NULL,NULL,NULL,"","","3","1","0","STS H-ML-7-94",NULL,"2026-04-09 20:05:00",NULL
"","142","0",NULL,NULL,NULL,"","","","1","0","STS H-ML-7-95",NULL,"2026-04-09 20:05:00",NULL
"","143","161",NULL,NULL,NULL,"","","3","1","0","STS H-ML-7-97",NULL,"2026-04-09 20:05:00",NULL
"","144","0",NULL,NULL,NULL,"","","","1","0","STS H-ML-7-98",NULL,"2026-04-09 20:05:00",NULL
"","145","135",NULL,NULL,NULL,"","","3","1","0","STS H-ML-8",NULL,"2026-04-09 20:05:00",NULL
"","146","143",NULL,NULL,NULL,"","2","","1","0","STS H-ML-8-3",NULL,"2026-04-09 20:05:00",NULL
"","146","135",NULL,NULL,NULL,"","","3","1","0","STS H-ML-8-3",NULL,"2026-04-09 20:05:00",NULL
"","147","134",NULL,NULL,NULL,"","","3","1","0","STS H-ML-8-4",NULL,"2026-04-09 20:05:00",NULL
"","148","135",NULL,NULL,NULL,"","","3","1","0","STS H-ML-8-5",NULL,"2026-04-09 20:05:00",NULL
"","149","134",NULL,NULL,NULL,"","","3","1","0","STS H-ML-8-6",NULL,"2026-04-09 20:05:00",NULL
"","150","135",NULL,NULL,NULL,"","","3","1","0","STS H-ML-8-9",NULL,"2026-04-09 20:05:00",NULL
"","151","0",NULL,NULL,NULL,"","","","1","0","STS H-ML-8-91",NULL,"2026-04-09 20:05:00",NULL
"","152","0",NULL,NULL,NULL,"","","","1","0","STS H-ML-8-92",NULL,"2026-04-09 20:05:00",NULL
"","153","135",NULL,NULL,NULL,"","","3","1","0","STS H-ML-8-93",NULL,"2026-04-09 20:05:00",NULL
"","154","155",NULL,NULL,NULL,"","","3","1","0","STS H-ML-8-94",NULL,"2026-04-09 20:05:00",NULL
"","155","134",NULL,NULL,NULL,"","","3","1","0","STS H-ML-8-95",NULL,"2026-04-09 20:05:00",NULL
"","156","0",NULL,NULL,NULL,"","","","1","0","STS H-ML-8-98",NULL,"2026-04-09 20:05:00",NULL
"","157","139",NULL,NULL,NULL,"","2","","1","0","STS H-ML-9",NULL,"2026-04-09 20:05:00",NULL
"","157","105",NULL,NULL,NULL,"","","3","1","0","STS H-ML-9",NULL,"2026-04-09 20:05:00",NULL
"","158","105",NULL,NULL,NULL,"","","3","1","0","STS H-ML-9-5",NULL,"2026-04-09 20:05:00",NULL
"","159","105",NULL,NULL,NULL,"","","3","1","0","STS H-ML-9-94",NULL,"2026-04-09 20:05:00",NULL
"","160","300",NULL,NULL,NULL,"1","","","1","0","STS L-C-1",NULL,"2026-04-09 20:05:00",NULL
"","160","204",NULL,NULL,NULL,"","2","","1","0","STS L-C-1",NULL,"2026-04-09 20:05:00",NULL
"","161","0",NULL,NULL,NULL,"","","","1","0","STS L-C-1-10",NULL,"2026-04-09 20:05:00",NULL
"","162","195",NULL,NULL,NULL,"1","","","1","0","STS L-C-112-01",NULL,"2026-04-09 20:05:00",NULL
"","163","0",NULL,NULL,NULL,"","","","1","0","STS L-C-1-2",NULL,"2026-04-09 20:05:00",NULL
"","164","173",NULL,NULL,NULL,"1","","","1","0","STS L-C-2",NULL,"2026-04-09 20:05:00",NULL
"","164","208",NULL,NULL,NULL,"","2","","1","0","STS L-C-2",NULL,"2026-04-09 20:05:00",NULL
"","165","251",NULL,NULL,NULL,"","2","","1","0","STS L-C-2-1",NULL,"2026-04-09 20:05:00",NULL
"","166","0",NULL,NULL,NULL,"","","","1","0","STS L-C-2-10",NULL,"2026-04-09 20:05:00",NULL
"","167","0",NULL,NULL,NULL,"","","","1","0","STS L-C-2-2",NULL,"2026-04-09 20:05:00",NULL
"","168","0",NULL,NULL,NULL,"","","","1","0","STS L-C-249-6",NULL,"2026-04-09 20:05:00",NULL
"","169","0",NULL,NULL,NULL,"","","","1","0","STS L-C-249-8",NULL,"2026-04-09 20:05:00",NULL
"","170","194",NULL,NULL,NULL,"1","","","1","0","STS L-C-3",NULL,"2026-04-09 20:05:00",NULL
"","170","228",NULL,NULL,NULL,"","2","","1","0","STS L-C-3",NULL,"2026-04-09 20:05:00",NULL
"","171","0",NULL,NULL,NULL,"","","","1","0","STS L-C-3-10",NULL,"2026-04-09 20:05:00",NULL
"","172","0",NULL,NULL,NULL,"","","","1","0","STS L-C-3-2",NULL,"2026-04-09 20:05:00",NULL
"","173","229",NULL,NULL,NULL,"1","","","1","0","STS L-C-4",NULL,"2026-04-09 20:05:00",NULL
"","173","219",NULL,NULL,NULL,"","2","","1","0","STS L-C-4",NULL,"2026-04-09 20:05:00",NULL
"","174","0",NULL,NULL,NULL,"","","","1","0","STS L-C-4-10",NULL,"2026-04-09 20:05:00",NULL
"","175","375",NULL,NULL,NULL,"1","","","1","0","STS L-C-5",NULL,"2026-04-09 20:05:00",NULL
"","175","204",NULL,NULL,NULL,"","2","","1","0","STS L-C-5",NULL,"2026-04-09 20:05:00",NULL
"","175","179",NULL,NULL,NULL,"","","3","1","0","STS L-C-5",NULL,"2026-04-09 20:05:00",NULL
"","176","0",NULL,NULL,NULL,"","","","1","0","STS L-C-5.5-10",NULL,"2026-04-09 20:05:00",NULL
"","177","0",NULL,NULL,NULL,"","","","1","0","STS L-C-5.5-2",NULL,"2026-04-09 20:05:00",NULL
"","178","0",NULL,NULL,NULL,"","","","1","0","STS L-C-5-10",NULL,"2026-04-09 20:05:00",NULL
"","179","150",NULL,NULL,NULL,"","2","","1","0","STS L-C-6",NULL,"2026-04-09 20:05:00",NULL
"","180","0",NULL,NULL,NULL,"","","","1","0","STS L-C-6-10",NULL,"2026-04-09 20:05:00",NULL
"","181","116",NULL,NULL,NULL,"","2","","1","0","STS L-C-7",NULL,"2026-04-09 20:05:00",NULL
"","182","0",NULL,NULL,NULL,"","","","1","0","STS L-C-7-10",NULL,"2026-04-09 20:05:00",NULL
"","183","0",NULL,NULL,NULL,"","","","1","0","STS L-CL-2-04",NULL,"2026-04-09 20:05:00",NULL
"","184","0",NULL,NULL,NULL,"","","","1","0","STS L-CL-249-8B",NULL,"2026-04-09 20:05:00",NULL
"","185","112",NULL,NULL,NULL,"","","3","1","0","STS L-CL-4",NULL,"2026-04-09 20:05:00",NULL
"","186","0",NULL,NULL,NULL,"","","","1","0","STS L-CL-5",NULL,"2026-04-09 20:05:00",NULL
"","187","0",NULL,NULL,NULL,"","","","1","0","STS L-CL-7",NULL,"2026-04-09 20:05:00",NULL
"","188","121",NULL,NULL,NULL,"","","3","1","0","STS L-CL-8",NULL,"2026-04-09 20:05:00",NULL
"","189","0",NULL,NULL,NULL,"","","","1","0","STS L-CL-8-5",NULL,"2026-04-09 20:05:00",NULL
"","190","0",NULL,NULL,NULL,"","","","1","0","STS H-CK-04",NULL,"2026-04-09 20:05:00",NULL
"","191","0",NULL,NULL,NULL,"","","","1","0","STS L-CL-181-1224-90/9",NULL,"2026-04-09 20:05:00",NULL
"","192","0",NULL,NULL,NULL,"","","","1","0","STS H-ML-7-41",NULL,"2026-04-09 20:05:00",NULL
"","193","0",NULL,NULL,NULL,"","","","1","0","STS H-ML-7-42",NULL,"2026-04-09 20:05:00",NULL
"","194","0",NULL,NULL,NULL,"","","","1","0","STS H-ML-7-43",NULL,"2026-04-09 20:05:00",NULL
"","195","0",NULL,NULL,NULL,"","","","1","0","STS H-I-2-04",NULL,"2026-04-09 20:05:00",NULL
"","196","0",NULL,NULL,NULL,"","","","1","0","STS H-ML-4-5",NULL,"2026-04-09 20:05:00",NULL
"","197","105",NULL,NULL,NULL,"","","3","1","0","STS H-ML-10-5",NULL,"2026-04-09 20:05:00",NULL
"","198","0",NULL,NULL,NULL,"","","","1","0","STS L-CL-4-5",NULL,"2026-04-09 20:05:00",NULL
"","199","0",NULL,NULL,NULL,"","","","1","0","STS L-CL-10-5",NULL,"2026-04-09 20:05:00",NULL
"","200","0",NULL,NULL,NULL,"","","","1","0","STS L-CL-13-5",NULL,"2026-04-09 20:05:00",NULL
"","201","0",NULL,NULL,NULL,"","","","1","0","STS L-CL-14-5",NULL,"2026-04-09 20:05:00",NULL
"","202","0",NULL,NULL,NULL,"","","","1","0","STS L-CL-15-5",NULL,"2026-04-09 20:05:00",NULL
"","203","0",NULL,NULL,NULL,"","","","1","0","STS L-CL-17-5",NULL,"2026-04-09 20:05:00",NULL
"","204","0",NULL,NULL,NULL,"","","","1","0","STS H-CK-03-4",NULL,"2026-04-09 20:05:00",NULL
"","205","0",NULL,NULL,NULL,"","","","1","0","STS H-HCL-8",NULL,"2026-04-09 20:05:00",NULL
"","206","81",NULL,NULL,NULL,"","","3","1","0","STS L-CL-6-5-01",NULL,"2026-04-09 20:05:00",NULL
"","207","0",NULL,NULL,NULL,"","","","1","0","STS H-MB-106-S",NULL,"2026-04-09 20:05:00",NULL
"","208","0",NULL,NULL,NULL,"","","","1","0","STS H-MB-206-S",NULL,"2026-04-09 20:05:00",NULL
"","209","0",NULL,NULL,NULL,"","","","1","0","STS H-MB-306-S",NULL,"2026-04-09 20:05:00",NULL
"","210","0",NULL,NULL,NULL,"","","","1","0","STS H-CL-181-2226-90/9",NULL,"2026-04-09 20:05:00",NULL
"","211","129",NULL,NULL,NULL,"","","3","1","0","STS H-MB-101T 10"" LEAD",NULL,"2026-04-09 20:05:00",NULL
"","212","0",NULL,NULL,NULL,"","","","1","0","STS L-C-5.5",NULL,"2026-04-09 20:05:00",NULL
"","213","0",NULL,NULL,NULL,"","","","1","0","STS H-CL-181-1220-90/9",NULL,"2026-04-09 20:05:00",NULL
"","214","324",NULL,NULL,NULL,"","2","","1","0","STS H-C-11",NULL,"2026-04-09 20:05:00",NULL
"","215","0",NULL,NULL,NULL,"","","","1","0","STS H-C-2-01",NULL,"2026-04-09 20:05:00",NULL
"","216","0",NULL,NULL,NULL,"","","","1","0","STS H-C-129-05",NULL,"2026-04-09 20:05:00",NULL
"","217","329",NULL,NULL,NULL,"","2","","1","0","STS H-C-22",NULL,"2026-04-09 20:05:00",NULL
"","218","0",NULL,NULL,NULL,"","","","1","0","STS H-C-05",NULL,"2026-04-09 20:05:00",NULL
"","219","69",NULL,NULL,NULL,"","","3","1","0","STS H-CB-612T",NULL,"2026-04-09 20:05:00",NULL
"","220","0",NULL,NULL,NULL,"","","","1","0","STS H-IL-8951-12",NULL,"2026-04-09 20:05:00",NULL
"","221","0",NULL,NULL,NULL,"","","","1","0","STS H-ML-5-94",NULL,"2026-04-09 20:05:00",NULL
"","222","0",NULL,NULL,NULL,"","","","1","0","STS H-CL-181-1224-90/9-A",NULL,"2026-04-09 20:05:00",NULL
"","223","0",NULL,NULL,NULL,"","","","1","0","STS H-IL-350-C61",NULL,"2026-04-09 20:05:00",NULL
"","224","0",NULL,NULL,NULL,"","","","1","0","STS H-C5-7-A",NULL,"2026-04-09 20:05:00",NULL
"","225","0",NULL,NULL,NULL,"","","","1","0","STS H-CL-13-03",NULL,"2026-04-09 20:05:00",NULL
"","226","0",NULL,NULL,NULL,"","","","1","0","STS L-CB-713T",NULL,"2026-04-09 20:05:00",NULL
"","227","0",NULL,NULL,NULL,"","","","1","0","STS L-CB-413T",NULL,"2026-04-09 20:05:00",NULL
"","228","0",NULL,NULL,NULL,"","","","1","0","STS H-CL-181-1222-90/9 APART",NULL,"2026-04-09 20:05:00",NULL
"","229","0",NULL,NULL,NULL,"","","","1","0","STS H-IB-550-B7B",NULL,"2026-04-09 20:05:00",NULL
"","230","112",NULL,NULL,NULL,"","","3","1","0","STS H-MB-401T",NULL,"2026-04-09 20:05:00",NULL
"","231","135",NULL,NULL,NULL,"","","3","1","0","STS H-ML-7-90-02",NULL,"2026-04-09 20:05:00",NULL
"","232","134",NULL,NULL,NULL,"","","3","1","0","STS H-ML-7-93-02",NULL,"2026-04-09 20:05:00",NULL
"","233","0",NULL,NULL,NULL,"","","","1","0","STS H-ML-7-3-02",NULL,"2026-04-09 20:05:00",NULL
"","234","0",NULL,NULL,NULL,"","","","1","0","STS H-ML-7-4-02",NULL,"2026-04-09 20:05:00",NULL
"","235","0",NULL,NULL,NULL,"","","","1","0","STS H-ML-7-5-02",NULL,"2026-04-09 20:05:00",NULL
"","236","0",NULL,NULL,NULL,"","","","1","0","STS H-ML-7-6-02",NULL,"2026-04-09 20:05:00",NULL
"","237","0",NULL,NULL,NULL,"","","","1","0","STS H-ML-7-9-02",NULL,"2026-04-09 20:05:00",NULL
"","238","0",NULL,NULL,NULL,"","","","1","0","STS H-ML-7-92-02",NULL,"2026-04-09 20:05:00",NULL
"","239","0",NULL,NULL,NULL,"","","","1","0","STS H-ML-8-3-02",NULL,"2026-04-09 20:05:00",NULL
"","240","0",NULL,NULL,NULL,"","","","1","0","STS H-ML-8-4-02",NULL,"2026-04-09 20:05:00",NULL
"","241","0",NULL,NULL,NULL,"","","","1","0","STS H-ML-8-5-02",NULL,"2026-04-09 20:05:00",NULL
"","242","0",NULL,NULL,NULL,"","","","1","0","STS H-ML-8-6-02",NULL,"2026-04-09 20:05:00",NULL
"","243","0",NULL,NULL,NULL,"","","","1","0","STS H-ML-8-9-02",NULL,"2026-04-09 20:05:00",NULL
"","244","101",NULL,NULL,NULL,"","","3","1","0","STS H-ML-8-90-02",NULL,"2026-04-09 20:05:00",NULL
"","245","0",NULL,NULL,NULL,"","","","1","0","STS TH-C-1-85",NULL,"2026-04-09 20:05:00",NULL
"","246","151",NULL,NULL,NULL,"","2","","1","0","STS TH-C-2-85",NULL,"2026-04-09 20:05:00",NULL
"","247","96",NULL,NULL,NULL,"","2","","1","0","STS TH-C-3-85",NULL,"2026-04-09 20:05:00",NULL
"","248","0",NULL,NULL,NULL,"","","","1","0","STS TH-C-4-85",NULL,"2026-04-09 20:05:00",NULL
"","249","0",NULL,NULL,NULL,"","","","1","0","STS TH-C-5-85",NULL,"2026-04-09 20:05:00",NULL
"","250","0",NULL,NULL,NULL,"","","","1","0","STS TH-CL-6-85",NULL,"2026-04-09 20:05:00",NULL
"","251","0",NULL,NULL,NULL,"","","","1","0","STS TH-CL-7-85",NULL,"2026-04-09 20:05:00",NULL
"","252","0",NULL,NULL,NULL,"","","","1","0","STS TH-CL-8-85",NULL,"2026-04-09 20:05:00",NULL
"","253","84",NULL,NULL,NULL,"","","3","1","0","STS TH-CL-9-85",NULL,"2026-04-09 20:05:00",NULL
"","254","0",NULL,NULL,NULL,"","","","1","0","STS TH-CL-10-85",NULL,"2026-04-09 20:05:00",NULL
"","255","0",NULL,NULL,NULL,"","","","1","0","STS TH-CB-306N-85",NULL,"2026-04-09 20:05:00",NULL
"","256","0",NULL,NULL,NULL,"","","","1","0","STS TH-CB-406N-85",NULL,"2026-04-09 20:05:00",NULL
"","257","0",NULL,NULL,NULL,"","","","1","0","STS TH-CB-506N-85",NULL,"2026-04-09 20:05:00",NULL
"","258","0",NULL,NULL,NULL,"","","","1","0","STS TH-CB-106N-85",NULL,"2026-04-09 20:05:00",NULL
"","259","99",NULL,NULL,NULL,"","","3","1","0","STS TH-CB-206N-85",NULL,"2026-04-09 20:05:00",NULL
"","260","0",NULL,NULL,NULL,"","","","1","0","STS TH-CR-436-41",NULL,"2026-04-09 20:05:00",NULL
"","261","0",NULL,NULL,NULL,"","","","1","0","STS TH-CR-436-42",NULL,"2026-04-09 20:05:00",NULL
"","262","117",NULL,NULL,NULL,"","2","","1","0","STS TH-CR-436-43",NULL,"2026-04-09 20:05:00",NULL
"","263","0",NULL,NULL,NULL,"","","","1","0","STS TH-CR-436-58",NULL,"2026-04-09 20:05:00",NULL
"","264","0",NULL,NULL,NULL,"","","","1","0","STS TH-CR-150-0168A",NULL,"2026-04-09 20:05:00",NULL
"","265","0",NULL,NULL,NULL,"","","","1","0","STS TH-CR-150-0169A",NULL,"2026-04-09 20:05:00",NULL
"","266","0",NULL,NULL,NULL,"","","","1","0","STS TH-CR-150-0170A",NULL,"2026-04-09 20:05:00",NULL
"","267","0",NULL,NULL,NULL,"","","","1","0","STS TH-CR-150-0174A",NULL,"2026-04-09 20:05:00",NULL
"","268","0",NULL,NULL,NULL,"","","","1","0","STS TH-CR-150-0175A",NULL,"2026-04-09 20:05:00",NULL
"","269","0",NULL,NULL,NULL,"","","","1","0","STS TH-CR-150-0176A",NULL,"2026-04-09 20:05:00",NULL
"","270","0",NULL,NULL,NULL,"","","","1","0","STS TH-CR-150-0177A",NULL,"2026-04-09 20:05:00",NULL
"","271","0",NULL,NULL,NULL,"","","","1","0","STS TH-CR-150-0179A",NULL,"2026-04-09 20:05:00",NULL
"","272","0",NULL,NULL,NULL,"","","","1","0","STS TH-CR-150-0180A",NULL,"2026-04-09 20:05:00",NULL
"","273","0",NULL,NULL,NULL,"","","","1","0","STS TH-CR-150-0181A",NULL,"2026-04-09 20:05:00",NULL
"","274","0",NULL,NULL,NULL,"","","","1","0","STS H-C-141-0171",NULL,"2026-04-09 20:05:00",NULL
"","275","0",NULL,NULL,NULL,"","","","1","0","STS H-C-128-29TP",NULL,"2026-04-09 20:05:00",NULL
"","276","0",NULL,NULL,NULL,"","","","1","0","STS TH-CR-436-0125",NULL,"2026-04-09 20:05:00",NULL
"","277","0",NULL,NULL,NULL,"","","","1","0","STS TH-CR-436-0126",NULL,"2026-04-09 20:05:00",NULL
"","278","0",NULL,NULL,NULL,"","","","1","0","STS TH-CR-436-0127",NULL,"2026-04-09 20:05:00",NULL
"","279","0",NULL,NULL,NULL,"","","","1","0","STS H-CL-181-1224-6/9-A",NULL,"2026-04-09 20:05:00",NULL
"","280","236",NULL,NULL,NULL,"1","","","1","0","STS H-CR-436-36 CRIMP",NULL,"2026-04-09 20:05:00",NULL
"","280","224",NULL,NULL,NULL,"","2","","1","0","STS H-CR-436-36 CRIMP",NULL,"2026-04-09 20:05:00",NULL
"","281","220",NULL,NULL,NULL,"1","","","1","0","STS H-CR-436-37 CRIMP",NULL,"2026-04-09 20:05:00",NULL
"","281","224",NULL,NULL,NULL,"","2","","1","0","STS H-CR-436-37 CRIMP",NULL,"2026-04-09 20:05:00",NULL
"","282","189",NULL,NULL,NULL,"1","","","1","0","STS H-CR-436-38 CRIMP",NULL,"2026-04-09 20:05:00",NULL
"","282","189",NULL,NULL,NULL,"","2","","1","0","STS H-CR-436-38 CRIMP",NULL,"2026-04-09 20:05:00",NULL
"","283","0",NULL,NULL,NULL,"","","","1","0","STS H-CL-181-2220-90/9-18",NULL,"2026-04-09 20:05:00",NULL
"","284","0",NULL,NULL,NULL,"","","","1","0","STS TH-CL-181-1222-90/9",NULL,"2026-04-09 20:05:00",NULL
"","285","0",NULL,NULL,NULL,"","","","1","0","STS TH-CL-181-2222-90/9",NULL,"2026-04-09 20:05:00",NULL
"","286","0",NULL,NULL,NULL,"","","","1","0","STS H-C-114-C",NULL,"2026-04-09 20:05:00",NULL
"","287","118",NULL,NULL,NULL,"","","3","1","0","STS H-MB-501T",NULL,"2026-04-09 20:05:00",NULL
"","288","0",NULL,NULL,NULL,"","","","1","0","STS H-ML-12-90-S2",NULL,"2026-04-09 20:05:00",NULL
"","289","0",NULL,NULL,NULL,"","","","1","0","STS H-IL-8951-11",NULL,"2026-04-09 20:05:00",NULL
"","290","0",NULL,NULL,NULL,"","","","1","0","STS H-CR-436-41",NULL,"2026-04-09 20:05:00",NULL
"","291","0",NULL,NULL,NULL,"","","","1","0","STS C-C-52",NULL,"2026-04-09 20:05:00",NULL
"","292","0",NULL,NULL,NULL,"","","","1","0","STS TH-CR-436-44",NULL,"2026-04-09 20:05:00",NULL
"","293","0",NULL,NULL,NULL,"","","","1","0","STS TH-CR-436-36 CRIMP",NULL,"2026-04-09 20:05:00",NULL
"","294","0",NULL,NULL,NULL,"","","","1","0","STS TH-CR-436-37 CRIMP",NULL,"2026-04-09 20:05:00",NULL
"","295","0",NULL,NULL,NULL,"","","","1","0","STS TH-CR-436-38 CRIMP",NULL,"2026-04-09 20:05:00",NULL
"","296","0",NULL,NULL,NULL,"","","","1","0","STS H-ML-7-9-2R",NULL,"2026-04-09 20:05:00",NULL
"","297","0",NULL,NULL,NULL,"","","","1","0","STS H-HCL-7",NULL,"2026-04-09 20:05:00",NULL
"","298","0",NULL,NULL,NULL,"","","","1","0","STS H-HMB-306N",NULL,"2026-04-09 20:05:00",NULL
"","299","128",NULL,NULL,NULL,"","","3","1","0","STS H-HML-6-95",NULL,"2026-04-09 20:05:00",NULL
"","300","0",NULL,NULL,NULL,"","","","1","0","STS H-ML-8-0",NULL,"2026-04-09 20:05:00",NULL
"","301","0",NULL,NULL,NULL,"","","","1","0","STS H-HML-3",NULL,"2026-04-09 20:05:00",NULL
"","302","115",NULL,NULL,NULL,"","","3","1","0","STS H-HML-9-95",NULL,"2026-04-09 20:05:00",NULL
"","303","154",NULL,NULL,NULL,"","","3","1","0","STS H-HML-7-95",NULL,"2026-04-09 20:05:00",NULL
"","304","0",NULL,NULL,NULL,"","","","1","0","STS H-ML-8-S",NULL,"2026-04-09 20:05:00",NULL
"","305","0",NULL,NULL,NULL,"","","","1","0","STS TH-CR-436-57",NULL,"2026-04-09 20:05:00",NULL
"","306","0",NULL,NULL,NULL,"","","","1","0","STS TH-CR-150-0198",NULL,"2026-04-09 20:05:00",NULL
"","307","0",NULL,NULL,NULL,"","","","1","0","STS TH-CR-436-59",NULL,"2026-04-09 20:05:00",NULL
"","308","136",NULL,NULL,NULL,"","","3","1","0","STS H-ML-3-5",NULL,"2026-04-09 20:05:00",NULL
"","309","0",NULL,NULL,NULL,"","","","1","0","STS TH-CR-436-0128",NULL,"2026-04-09 20:05:00",NULL
"","310","0",NULL,NULL,NULL,"","","","1","0","STS H-HMB-301N",NULL,"2026-04-09 20:05:00",NULL
"","311","131",NULL,NULL,NULL,"","","3","1","0","STS H-HML-8-95",NULL,"2026-04-09 20:05:00",NULL
"","312","0",NULL,NULL,NULL,"","","","1","0","STS E-C-1-2",NULL,"2026-04-09 20:05:00",NULL
"","313","136",NULL,NULL,NULL,"","2","","1","0","STS E-C4-1",NULL,"2026-04-09 20:05:00",NULL
"","314","184",NULL,NULL,NULL,"","2","","1","0","STS E-C4-2",NULL,"2026-04-09 20:05:00",NULL
"","315","144",NULL,NULL,NULL,"","2","","1","0","STS E-C4-3",NULL,"2026-04-09 20:05:00",NULL
"","316","0",NULL,NULL,NULL,"","","","1","0","STS E-C4-4",NULL,"2026-04-09 20:05:00",NULL
"","316","0",NULL,NULL,NULL,"","","","1","0","STS E-C4-4",NULL,"2026-04-09 20:05:00",NULL
"","317","144",NULL,NULL,NULL,"","2","","1","0","STS E-C4-5",NULL,"2026-04-09 20:05:00",NULL
"","318","230",NULL,NULL,NULL,"","2","","1","0","STS E-C-249-8",NULL,"2026-04-09 20:05:00",NULL
"","319","0",NULL,NULL,NULL,"","","","1","0","STS H-ML-2-5",NULL,"2026-04-09 20:05:00",NULL
"","320","0",NULL,NULL,NULL,"","","","1","0","STS H-IL-250-A51",NULL,"2026-04-09 20:05:00",NULL
"","321","0",NULL,NULL,NULL,"","","","1","0","STS VH-CR-436-36 CRIMP",NULL,"2026-04-09 20:05:00",NULL
"","322","0",NULL,NULL,NULL,"","","","1","0","STS VH-CR-436-37 CRIMP",NULL,"2026-04-09 20:05:00",NULL
"","323","0",NULL,NULL,NULL,"","","","1","0","STS VH-CR-436-38 CRIMP",NULL,"2026-04-09 20:05:00",NULL
"","324","200",NULL,NULL,NULL,"","2","","1","0","STS H-M-1-05",NULL,"2026-04-09 20:05:00",NULL
"","325","161",NULL,NULL,NULL,"","2","","1","0","STS H-M-2-05",NULL,"2026-04-09 20:05:00",NULL
"","326","154",NULL,NULL,NULL,"","2","","1","0","STS H-M-3-05",NULL,"2026-04-09 20:05:00",NULL
"","327","171",NULL,NULL,NULL,"","2","","1","0","STS H-M-4-05",NULL,"2026-04-09 20:05:00",NULL
"","328","0",NULL,NULL,NULL,"","","","1","0","STS H-M-5-05",NULL,"2026-04-09 20:05:00",NULL
"","329","0",NULL,NULL,NULL,"","","","1","0","STS H-ML-12-9",NULL,"2026-04-09 20:05:00",NULL
"","330","81",NULL,NULL,NULL,"","","3","1","0","STS L-CL-5.5-02",NULL,"2026-04-09 20:05:00",NULL
"","331","105",NULL,NULL,NULL,"","","3","1","0","STS H-ML-5-5",NULL,"2026-04-09 20:05:00",NULL
"","332","121",NULL,NULL,NULL,"","","3","1","0","STS H-BML-124-10",NULL,"2026-04-09 20:05:00",NULL
"","333","124",NULL,NULL,NULL,"","","3","1","0","STS H-BML-324-10",NULL,"2026-04-09 20:05:00",NULL
"","334","93",NULL,NULL,NULL,"","","3","1","0","STS H-BML-B424-10",NULL,"2026-04-09 20:05:00",NULL
"","335","112",NULL,NULL,NULL,"","","3","1","0","STS L-CL-5-02",NULL,"2026-04-09 20:05:00",NULL
"","336","0",NULL,NULL,NULL,"","","","1","0","STS H-HML-7-90",NULL,"2026-04-09 20:05:00",NULL
"","337","0",NULL,NULL,NULL,"","","","1","0","STS H-HML-8-90",NULL,"2026-04-09 20:05:00",NULL
"","338","104",NULL,NULL,NULL,"","","3","1","0","STS H-HML-10-95",NULL,"2026-04-09 20:05:00",NULL
"","339","0",NULL,NULL,NULL,"","","","1","0","STS H-CL-181-3220-90/9-18",NULL,"2026-04-09 20:05:00",NULL
"","340","0",NULL,NULL,NULL,"","","","1","0","STS H-ML-5-90",NULL,"2026-04-09 20:05:00",NULL
"","341","0",NULL,NULL,NULL,"","","","1","0","STS H-IL-250-A52",NULL,"2026-04-09 20:05:00",NULL
"","342","0",NULL,NULL,NULL,"","","","1","0","STS H-IL-250-A56",NULL,"2026-04-09 20:05:00",NULL
"","343","0",NULL,NULL,NULL,"","","","1","0","STS H-CL-7-12-5",NULL,"2026-04-09 20:05:00",NULL
"","344","0",NULL,NULL,NULL,"","","","1","0","STS H-M-1-03",NULL,"2026-04-09 20:05:00",NULL
"","345","0",NULL,NULL,NULL,"","","","1","0","STS H-IL-250-A57",NULL,"2026-04-09 20:05:00",NULL
"","346","0",NULL,NULL,NULL,"","","","1","0","STS L-CL-9-5",NULL,"2026-04-09 20:05:00",NULL
"","347","110",NULL,NULL,NULL,"","","3","1","0","STS H-BML-122-10",NULL,"2026-04-09 20:05:00",NULL
"","348","0",NULL,NULL,NULL,"","","","1","0","STS H-ML-10-95",NULL,"2026-04-09 20:05:00",NULL
"","349","116",NULL,NULL,NULL,"","","3","1","0","STS H-BML-224-10",NULL,"2026-04-09 20:05:00",NULL
"","350","113",NULL,NULL,NULL,"","","3","1","0","STS H-BML-B324-10",NULL,"2026-04-09 20:05:00",NULL
"","351","0",NULL,NULL,NULL,"","","","1","0","STS H-IL-350-A66",NULL,"2026-04-09 20:05:00",NULL
"","352","0",NULL,NULL,NULL,"","","","1","0","STS H-HMB-201N",NULL,"2026-04-09 20:05:00",NULL
"","353","0",NULL,NULL,NULL,"","","","1","0","STS L-CL-6",NULL,"2026-04-09 20:05:00",NULL
"","354","0",NULL,NULL,NULL,"","","","1","0","STS H-HMB-306N-01",NULL,"2026-04-09 20:05:00",NULL
"","355","0",NULL,NULL,NULL,"","","","1","0","STS H-HMB-501N",NULL,"2026-04-09 20:05:00",NULL
"","356","0",NULL,NULL,NULL,"","","","1","0","STS H-ML-6-5",NULL,"2026-04-09 20:05:00",NULL
"","357","135",NULL,NULL,NULL,"","","3","1","0","STS H-HCB-106N-96",NULL,"2026-04-09 20:05:00",NULL
"","358","143",NULL,NULL,NULL,"","","3","1","0","STS H-HCB-206N-96",NULL,"2026-04-09 20:05:00",NULL
"","359","195",NULL,NULL,NULL,"","2","","1","0","STS H-HCB-306N-96",NULL,"2026-04-09 20:05:00",NULL
"","359","131",NULL,NULL,NULL,"","","3","1","0","STS H-HCB-306N-96",NULL,"2026-04-09 20:05:00",NULL
"","360","0",NULL,NULL,NULL,"","","","1","0","STS H-IL-250-A55",NULL,"2026-04-09 20:05:00",NULL
"","361","0",NULL,NULL,NULL,"","","","1","0","STS E-CL-249-8B",NULL,"2026-04-09 20:05:00",NULL
"","362","125",NULL,NULL,NULL,"","2","","1","0","STS H-HML-18-90",NULL,"2026-04-09 20:05:00",NULL
"","362","130",NULL,NULL,NULL,"","","3","1","0","STS H-HML-18-90",NULL,"2026-04-09 20:05:00",NULL
"","363","245",NULL,NULL,NULL,"","2","","1","0","STS H-HC-2-96",NULL,"2026-04-09 20:05:00",NULL
"","364","133",NULL,NULL,NULL,"","","3","1","0","STS H-BML-B224-10",NULL,"2026-04-09 20:05:00",NULL
"","365","0",NULL,NULL,NULL,"","","","1","0","STS H-HMB-406N-01",NULL,"2026-04-09 20:05:00",NULL
"","366","127",NULL,NULL,NULL,"","","3","1","0","STS H-BML-B124-10",NULL,"2026-04-09 20:05:00",NULL
"","367","0",NULL,NULL,NULL,"","","","1","0","STS H-HMB-106N-01",NULL,"2026-04-09 20:05:00",NULL
"","368","0",NULL,NULL,NULL,"","","","1","0","STS H-HMB-206N-01",NULL,"2026-04-09 20:05:00",NULL
"","369","0",NULL,NULL,NULL,"","","","1","0","STS H-HMB-506N-01",NULL,"2026-04-09 20:05:00",NULL
"","370","161",NULL,NULL,NULL,"","","3","1","0","STS H-HCL-7-96",NULL,"2026-04-09 20:05:00",NULL
"","371","135",NULL,NULL,NULL,"","","3","1","0","STS H-HCL-8-96",NULL,"2026-04-09 20:05:00",NULL
"","372","0",NULL,NULL,NULL,"","","","1","0","STS H-IL-350-A67",NULL,"2026-04-09 20:05:00",NULL
"","373","0",NULL,NULL,NULL,"","","","1","0","STS H-CL-181-2224-6/9",NULL,"2026-04-09 20:05:00",NULL
"","374","119",NULL,NULL,NULL,"","","3","1","0","STS H-HCB-506N-96",NULL,"2026-04-09 20:05:00",NULL
"","375","0",NULL,NULL,NULL,"","","","1","0","STS L-CL-3-02",NULL,"2026-04-09 20:05:00",NULL
"","376","0",NULL,NULL,NULL,"","","","1","0","STS H-HCL-6-96",NULL,"2026-04-09 20:05:00",NULL
"","377","0",NULL,NULL,NULL,"","","","1","0","STS H-HCB-406N-96",NULL,"2026-04-09 20:05:00",NULL
"","378","0",NULL,NULL,NULL,"","","","1","0","STS H-HMB-106N-A",NULL,"2026-04-09 20:05:00",NULL
"","379","0",NULL,NULL,NULL,"","","","1","0","STS H-HMB-206N-A",NULL,"2026-04-09 20:05:00",NULL
"","380","131",NULL,NULL,NULL,"","","3","1","0","STS H-MB-306N-A",NULL,"2026-04-09 20:05:00",NULL
"","381","115",NULL,NULL,NULL,"","","3","1","0","STS H-MB-406N-A",NULL,"2026-04-09 20:05:00",NULL
"","382","119",NULL,NULL,NULL,"","","","1","0","STS H-HMB-506N-A",NULL,"2026-04-09 20:05:00",NULL
"","383","139",NULL,NULL,NULL,"","","","1","0","STS H-HMB-206N-A",NULL,"2026-04-09 20:05:00",NULL
"","384","0",NULL,NULL,NULL,"","","","1","0","STS H-HMB-306N-A",NULL,"2026-04-09 20:05:00",NULL
"","385","0",NULL,NULL,NULL,"","","","1","0","STS H-HMB-406N-A",NULL,"2026-04-09 20:05:00",NULL
"","386","0",NULL,NULL,NULL,"","","","1","0","STS H-HCL-10-96",NULL,"2026-04-09 20:05:00",NULL
"","387","119",NULL,NULL,NULL,"","","3","1","0","STS H-MB-1",NULL,"2026-04-09 20:05:00",NULL
"","388","119",NULL,NULL,NULL,"","","3","1","0","STS H-MB-2",NULL,"2026-04-09 20:05:00",NULL
"","389","156",NULL,NULL,NULL,"","","3","1","0","STS H-MB-3",NULL,"2026-04-09 20:05:00",NULL
"","390","122",NULL,NULL,NULL,"","","3","1","0","STS H-MB-4",NULL,"2026-04-09 20:05:00",NULL
"","391","118",NULL,NULL,NULL,"","","3","1","0","STS H-MB-5",NULL,"2026-04-09 20:05:00",NULL
"","392","108",NULL,NULL,NULL,"","","3","1","0","STS H-MB-6",NULL,"2026-04-09 20:05:00",NULL
"","393","108",NULL,NULL,NULL,"","","3","1","0","STS H-MB-7",NULL,"2026-04-09 20:05:00",NULL
"","394","123",NULL,NULL,NULL,"","","3","1","0","STS H-MB-8",NULL,"2026-04-09 20:05:00",NULL
"","395","122",NULL,NULL,NULL,"","","3","1","0","STS H-MB-9",NULL,"2026-04-09 20:05:00",NULL
"","396","132",NULL,NULL,NULL,"","2","","1","0","STS H-MB-10",NULL,"2026-04-09 20:05:00",NULL
"","396","119",NULL,NULL,NULL,"","","3","1","0","STS H-MB-10",NULL,"2026-04-09 20:05:00",NULL
"","397","0",NULL,NULL,NULL,"","","","1","0","STS H-MB-16",NULL,"2026-04-09 20:05:00",NULL
"","398","0",NULL,NULL,NULL,"","","","1","0","STS H-MB-17",NULL,"2026-04-09 20:05:00",NULL
"","399","0",NULL,NULL,NULL,"","","","1","0","STS H-MB-18",NULL,"2026-04-09 20:05:00",NULL
"","400","0",NULL,NULL,NULL,"","","","1","0","STS H-MB-20",NULL,"2026-04-09 20:05:00",NULL
"","401","0",NULL,NULL,NULL,"","","","1","0","STS H-HMB-6",NULL,"2026-04-09 20:05:00",NULL
"","402","142",NULL,NULL,NULL,"","","3","1","0","STS H-HMB-7",NULL,"2026-04-09 20:05:00",NULL
"","403","122",NULL,NULL,NULL,"","","3","1","0","STS H-HMB-8",NULL,"2026-04-09 20:05:00",NULL
"","404","0",NULL,NULL,NULL,"","","","1","0","STS H-HMB-9",NULL,"2026-04-09 20:05:00",NULL
"","405","0",NULL,NULL,NULL,"","","","1","0","STS H-HMB-10",NULL,"2026-04-09 20:05:00",NULL
"","406","0",NULL,NULL,NULL,"","","","1","0","STS H-HMB-17",NULL,"2026-04-09 20:05:00",NULL
"","407","0",NULL,NULL,NULL,"","","","1","0","STS H-HMB-18",NULL,"2026-04-09 20:05:00",NULL
"","408","0",NULL,NULL,NULL,"","","","1","0","STS H-HMB-19",NULL,"2026-04-09 20:05:00",NULL
"","409","0",NULL,NULL,NULL,"","","","1","0","STS H-HMB-20",NULL,"2026-04-09 20:05:00",NULL
"","410","161",NULL,NULL,NULL,"","","3","1","0","STS H-ML-17-9",NULL,"2026-04-09 20:05:00",NULL
"","411","0",NULL,NULL,NULL,"","","","1","0","STS H-ML-18-9",NULL,"2026-04-09 20:05:00",NULL
"","412","113",NULL,NULL,NULL,"","","3","1","0","STS H-BML-322-10",NULL,"2026-04-09 20:05:00",NULL
"","413","396",NULL,NULL,NULL,"1","","","1","0","STS H-C-2-2",NULL,"2026-04-09 20:05:00",NULL
"","413","328",NULL,NULL,NULL,"","2","","1","0","STS H-C-2-2",NULL,"2026-04-09 20:05:00",NULL
"","414","272",NULL,NULL,NULL,"","2","","1","0","STS H-C-075",NULL,"2026-04-09 20:05:00",NULL
"","415","0",NULL,NULL,NULL,"","","","1","0","STS H-BML-B524-10",NULL,"2026-04-09 20:05:00",NULL
"","416","123",NULL,NULL,NULL,"","","3","1","0","STS H-BML-424-10",NULL,"2026-04-09 20:05:00",NULL
"","417","0",NULL,NULL,NULL,"","","","1","0","STS H-ML-7-97-01",NULL,"2026-04-09 20:05:00",NULL
"","418","155",NULL,NULL,NULL,"","","3","1","0","STS H-ML-8-93-01",NULL,"2026-04-09 20:05:00",NULL
"","419","120",NULL,NULL,NULL,"","2","","1","0","STS H-HC-2-0-H",NULL,"2026-04-09 20:05:00",NULL
"","420","69",NULL,NULL,NULL,"","","3","1","0","STS H-CB-612N",NULL,"2026-04-09 20:05:00",NULL
"","421","93",NULL,NULL,NULL,"","2","","1","0","STS H-HC-001",NULL,"2026-04-09 20:05:00",NULL
"","422","228",NULL,NULL,NULL,"","2","","1","0","STS H-HC-3-96",NULL,"2026-04-09 20:05:00",NULL
"","423","0",NULL,NULL,NULL,"","","","1","0","STS H-BML-B324-10-A",NULL,"2026-04-09 20:05:00",NULL
"","424","0",NULL,NULL,NULL,"","","","1","0","STS H-HMB-3",NULL,"2026-04-09 20:05:00",NULL
"","425","0",NULL,NULL,NULL,"","","","1","0","STS H-HMB-13",NULL,"2026-04-09 20:05:00",NULL
"","426","0",NULL,NULL,NULL,"","","","1","0","STS H-MB-13",NULL,"2026-04-09 20:05:00",NULL
"","427","0",NULL,NULL,NULL,"","","","1","0","STS H-BML-B224-10-A",NULL,"2026-04-09 20:05:00",NULL
"","428","149",NULL,NULL,NULL,"","2","","1","0","STS H-HC-1-96",NULL,"2026-04-09 20:05:00",NULL
"","429","0",NULL,NULL,NULL,"","","","1","0","STS H-ML-17-9-M",NULL,"2026-04-09 20:05:00",NULL
"","430","0",NULL,NULL,NULL,"","","","1","0","H-200-181-3222-90/9",NULL,"2026-04-09 20:05:00",NULL
"","431","0",NULL,NULL,NULL,"","","","1","0","STS H-ML-18-9-M",NULL,"2026-04-09 20:05:00",NULL
