"id","standard_id","workstation_type","workstation_id","persons_required","units_per_hour","is_default","notes","created_at","updated_at"
"","1","manual",NULL,"2","230","1","","2026-04-09 20:05:00",""
"","2","manual",NULL,"2","136","1","","2026-04-09 20:05:00",""
"","3","manual",NULL,"2","184","1","","2026-04-09 20:05:00",""
"","4","manual",NULL,"2","144","1","","2026-04-09 20:05:00",""
"","5","manual",NULL,"1","112","1","","2026-04-09 20:05:00",""
"","5","manual",NULL,"2","115","0","","2026-04-09 20:05:00",""
"","6","manual",NULL,"1","144","1","","2026-04-09 20:05:00",""
"","6","manual",NULL,"2","144","0","","2026-04-09 20:05:00",""
"","7","manual",NULL,"3","117","1","","2026-04-09 20:05:00",""
"","8","manual",NULL,"3","121","1","","2026-04-09 20:05:00",""
"","9","manual",NULL,"3","116","1","","2026-04-09 20:05:00",""
"","10","manual",NULL,"3","113","1","","2026-04-09 20:05:00",""
"","11","manual",NULL,"3","124","1","","2026-04-09 20:05:00",""
"","12","manual",NULL,"3","123","1","","2026-04-09 20:05:00",""
"","13","manual",NULL,"3","127","1","","2026-04-09 20:05:00",""
"","14","manual",NULL,"3","113","1","","2026-04-09 20:05:00",""
"","15","manual",NULL,"3","93","1","","2026-04-09 20:05:00",""
"","16","manual",NULL,"2","272","1","","2026-04-09 20:05:00",""
"","17","manual",NULL,"1","375","1","","2026-04-09 20:05:00",""
"","17","manual",NULL,"2","215","0","","2026-04-09 20:05:00",""
"","17","manual",NULL,"3","189","0","","2026-04-09 20:05:00",""
"","18","manual",NULL,"2","324","1","","2026-04-09 20:05:00",""
"","19","manual",NULL,"1","307","1","","2026-04-09 20:05:00",""
"","19","manual",NULL,"2","269","0","","2026-04-09 20:05:00",""
"","20","manual",NULL,"1","226","1","","2026-04-09 20:05:00",""
"","20","manual",NULL,"2","214","0","","2026-04-09 20:05:00",""
"","20","manual",NULL,"3","173","0","","2026-04-09 20:05:00",""
"","21","manual",NULL,"1","375","1","","2026-04-09 20:05:00",""
"","21","manual",NULL,"2","329","0","","2026-04-09 20:05:00",""
"","22","manual",NULL,"1","396","1","","2026-04-09 20:05:00",""
"","22","manual",NULL,"2","328","0","","2026-04-09 20:05:00",""
"","23","manual",NULL,"2","237","1","","2026-04-09 20:05:00",""
"","24","manual",NULL,"1","2500","1","","2026-04-09 20:05:00",""
"","24","manual",NULL,"2","228","0","","2026-04-09 20:05:00",""
"","24","manual",NULL,"3","177","0","","2026-04-09 20:05:00",""
"","25","manual",NULL,"2","300","1","","2026-04-09 20:05:00",""
"","26","manual",NULL,"1","192","1","","2026-04-09 20:05:00",""
"","26","manual",NULL,"2","183","0","","2026-04-09 20:05:00",""
"","27","manual",NULL,"1","375","1","","2026-04-09 20:05:00",""
"","27","manual",NULL,"2","183","0","","2026-04-09 20:05:00",""
"","28","manual",NULL,"1","385","1","","2026-04-09 20:05:00",""
"","28","manual",NULL,"2","200","0","","2026-04-09 20:05:00",""
"","28","manual",NULL,"3","184","0","","2026-04-09 20:05:00",""
"","29","manual",NULL,"1","375","1","","2026-04-09 20:05:00",""
"","29","manual",NULL,"2","208","0","","2026-04-09 20:05:00",""
"","29","manual",NULL,"3","197","0","","2026-04-09 20:05:00",""
"","30","manual",NULL,"1","375","1","","2026-04-09 20:05:00",""
"","30","manual",NULL,"2","202","0","","2026-04-09 20:05:00",""
"","30","manual",NULL,"3","168","0","","2026-04-09 20:05:00",""
"","31","manual",NULL,"2","200","1","","2026-04-09 20:05:00",""
"","32","manual",NULL,"2","208","1","","2026-04-09 20:05:00",""
"","33","manual",NULL,"2","203","1","","2026-04-09 20:05:00",""
"","33","manual",NULL,"3","187","0","","2026-04-09 20:05:00",""
"","34","manual",NULL,"1","188","1","","2026-04-09 20:05:00",""
"","34","manual",NULL,"2","181","0","","2026-04-09 20:05:00",""
"","35","manual",NULL,"1","105","1","","2026-04-09 20:05:00",""
"","35","manual",NULL,"2","125","0","","2026-04-09 20:05:00",""
"","36","manual",NULL,"2","204","1","","2026-04-09 20:05:00",""
"","37","manual",NULL,"2","208","1","","2026-04-09 20:05:00",""
"","38","manual",NULL,"2","228","1","","2026-04-09 20:05:00",""
"","39","manual",NULL,"1","186","1","","2026-04-09 20:05:00",""
"","39","manual",NULL,"2","204","0","","2026-04-09 20:05:00",""
"","40","manual",NULL,"2","142","1","","2026-04-09 20:05:00",""
"","41","manual",NULL,"1","145","1","","2026-04-09 20:05:00",""
"","41","manual",NULL,"2","133","0","","2026-04-09 20:05:00",""
"","41","manual",NULL,"3","124","0","","2026-04-09 20:05:00",""
"","42","manual",NULL,"2","192","1","","2026-04-09 20:05:00",""
"","43","manual",NULL,"2","224","1","","2026-04-09 20:05:00",""
"","44","manual",NULL,"2","224","1","","2026-04-09 20:05:00",""
"","45","manual",NULL,"2","226","1","","2026-04-09 20:05:00",""
"","46","manual",NULL,"1","174","1","","2026-04-09 20:05:00",""
"","46","manual",NULL,"2","174","0","","2026-04-09 20:05:00",""
"","47","manual",NULL,"1","600","1","","2026-04-09 20:05:00",""
"","47","manual",NULL,"2","245","0","","2026-04-09 20:05:00",""
"","48","manual",NULL,"2","245","1","","2026-04-09 20:05:00",""
"","49","manual",NULL,"2","120","1","","2026-04-09 20:05:00",""
"","50","manual",NULL,"2","228","1","","2026-04-09 20:05:00",""
"","51","manual",NULL,"1","2500","1","","2026-04-09 20:05:00",""
"","51","manual",NULL,"2","0","0","","2026-04-09 20:05:00",""
"","52","manual",NULL,"2","149","1","","2026-04-09 20:05:00",""
"","53","manual",NULL,"1","225","1","","2026-04-09 20:05:00",""
"","53","manual",NULL,"2","166","0","","2026-04-09 20:05:00",""
"","54","manual",NULL,"2","149","1","","2026-04-09 20:05:00",""
"","55","manual",NULL,"3","135","1","","2026-04-09 20:05:00",""
"","56","manual",NULL,"3","150","1","","2026-04-09 20:05:00",""
"","57","manual",NULL,"2","195","1","","2026-04-09 20:05:00",""
"","57","manual",NULL,"3","150","0","","2026-04-09 20:05:00",""
"","58","manual",NULL,"3","125","1","","2026-04-09 20:05:00",""
"","59","manual",NULL,"3","161","1","","2026-04-09 20:05:00",""
"","60","manual",NULL,"3","135","1","","2026-04-09 20:05:00",""
"","61","manual",NULL,"2","125","1","","2026-04-09 20:05:00",""
"","61","manual",NULL,"3","130","0","","2026-04-09 20:05:00",""
"","62","manual",NULL,"3","128","1","","2026-04-09 20:05:00",""
"","63","manual",NULL,"3","154","1","","2026-04-09 20:05:00",""
"","64","manual",NULL,"1","781","1","","2026-04-09 20:05:00",""
"","64","manual",NULL,"3","131","0","","2026-04-09 20:05:00",""
"","65","manual",NULL,"3","115","1","","2026-04-09 20:05:00",""
"","66","manual",NULL,"1","189","1","","2026-04-09 20:05:00",""
"","66","manual",NULL,"2","233","0","","2026-04-09 20:05:00",""
"","67","manual",NULL,"1","173","1","","2026-04-09 20:05:00",""
"","67","manual",NULL,"2","151","0","","2026-04-09 20:05:00",""
"","68","manual",NULL,"2","185","1","","2026-04-09 20:05:00",""
"","69","manual",NULL,"3","123","1","","2026-04-09 20:05:00",""
"","70","manual",NULL,"2","102","1","","2026-04-09 20:05:00",""
"","71","manual",NULL,"1","256","1","","2026-04-09 20:05:00",""
"","71","manual",NULL,"2","229","0","","2026-04-09 20:05:00",""
"","72","manual",NULL,"1","141","1","","2026-04-09 20:05:00",""
"","72","manual",NULL,"2","200","0","","2026-04-09 20:05:00",""
"","73","manual",NULL,"1","217","1","","2026-04-09 20:05:00",""
"","73","manual",NULL,"2","240","0","","2026-04-09 20:05:00",""
"","74","machine",NULL,"1","1100","1","","2026-04-09 20:05:00",""
"","75","manual",NULL,"2","161","1","","2026-04-09 20:05:00",""
"","76","manual",NULL,"1","194","1","","2026-04-09 20:05:00",""
"","76","manual",NULL,"2","228","0","","2026-04-09 20:05:00",""
"","77","machine",NULL,"1","2500","1","","2026-04-09 20:05:00",""
"","78","manual",NULL,"1","2500","1","","2026-04-09 20:05:00",""
"","78","manual",NULL,"2","154","0","","2026-04-09 20:05:00",""
"","79","manual",NULL,"1","169","1","","2026-04-09 20:05:00",""
"","79","manual",NULL,"2","204","0","","2026-04-09 20:05:00",""
"","79","manual",NULL,"3","174","0","","2026-04-09 20:05:00",""
"","80","manual",NULL,"2","171","1","","2026-04-09 20:05:00",""
"","81","manual",NULL,"1","166","1","","2026-04-09 20:05:00",""
"","81","manual",NULL,"2","166","0","","2026-04-09 20:05:00",""
"","82","manual",NULL,"2","132","1","","2026-04-09 20:05:00",""
"","82","manual",NULL,"3","119","0","","2026-04-09 20:05:00",""
"","83","manual",NULL,"3","129","1","","2026-04-09 20:05:00",""
"","84","manual",NULL,"3","129","1","","2026-04-09 20:05:00",""
"","85","manual",NULL,"3","119","1","","2026-04-09 20:05:00",""
"","86","manual",NULL,"3","119","1","","2026-04-09 20:05:00",""
"","87","manual",NULL,"3","156","1","","2026-04-09 20:05:00",""
"","88","manual",NULL,"3","108","1","","2026-04-09 20:05:00",""
"","89","manual",NULL,"3","123","1","","2026-04-09 20:05:00",""
"","90","manual",NULL,"3","122","1","","2026-04-09 20:05:00",""
"","91","manual",NULL,"3","147","1","","2026-04-09 20:05:00",""
"","92","manual",NULL,"3","141","1","","2026-04-09 20:05:00",""
"","93","manual",NULL,"3","143","1","","2026-04-09 20:05:00",""
"","94","manual",NULL,"3","143","1","","2026-04-09 20:05:00",""
"","95","manual",NULL,"1","400","1","","2026-04-09 20:05:00",""
"","95","manual",NULL,"3","150","0","","2026-04-09 20:05:00",""
"","96","manual",NULL,"3","149","1","","2026-04-09 20:05:00",""
"","97","manual",NULL,"3","131","1","","2026-04-09 20:05:00",""
"","98","manual",NULL,"3","131","1","","2026-04-09 20:05:00",""
"","99","manual",NULL,"3","112","1","","2026-04-09 20:05:00",""
"","100","manual",NULL,"3","112","1","","2026-04-09 20:05:00",""
"","101","manual",NULL,"3","115","1","","2026-04-09 20:05:00",""
"","102","manual",NULL,"3","118","1","","2026-04-09 20:05:00",""
"","103","manual",NULL,"3","118","1","","2026-04-09 20:05:00",""
"","104","manual",NULL,"3","118","1","","2026-04-09 20:05:00",""
"","105","manual",NULL,"3","106","1","","2026-04-09 20:05:00",""
"","106","manual",NULL,"3","114","1","","2026-04-09 20:05:00",""
"","107","manual",NULL,"3","115","1","","2026-04-09 20:05:00",""
"","108","manual",NULL,"3","119","1","","2026-04-09 20:05:00",""
"","109","manual",NULL,"3","147","1","","2026-04-09 20:05:00",""
"","110","manual",NULL,"3","164","1","","2026-04-09 20:05:00",""
"","111","manual",NULL,"1","600","1","","2026-04-09 20:05:00",""
"","111","manual",NULL,"3","143","0","","2026-04-09 20:05:00",""
"","112","manual",NULL,"2","155","1","","2026-04-09 20:05:00",""
"","112","manual",NULL,"3","146","0","","2026-04-09 20:05:00",""
"","113","manual",NULL,"3","104","1","","2026-04-09 20:05:00",""
"","114","manual",NULL,"3","138","1","","2026-04-09 20:05:00",""
"","115","manual",NULL,"3","177","1","","2026-04-09 20:05:00",""
"","116","manual",NULL,"3","161","1","","2026-04-09 20:05:00",""
"","117","manual",NULL,"1","781","1","","2026-04-09 20:05:00",""
"","117","manual",NULL,"3","143","0","","2026-04-09 20:05:00",""
"","118","manual",NULL,"3","134","1","","2026-04-09 20:05:00",""
"","119","manual",NULL,"3","155","1","","2026-04-09 20:05:00",""
"","120","manual",NULL,"3","138","1","","2026-04-09 20:05:00",""
"","121","manual",NULL,"3","131","1","","2026-04-09 20:05:00",""
"","122","machine",NULL,"1","781","1","","2026-04-09 20:05:00",""
"","122","machine",NULL,"2","722","0","","2026-04-09 20:05:00",""
"","123","manual",NULL,"3","136","1","","2026-04-09 20:05:00",""
"","124","manual",NULL,"3","136","1","","2026-04-09 20:05:00",""
"","125","manual",NULL,"3","129","1","","2026-04-09 20:05:00",""
"","126","manual",NULL,"3","101","1","","2026-04-09 20:05:00",""
"","127","manual",NULL,"3","139","1","","2026-04-09 20:05:00",""
"","128","manual",NULL,"1","550","1","","2026-04-09 20:05:00",""
"","128","manual",NULL,"2","300","0","","2026-04-09 20:05:00",""
"","128","manual",NULL,"3","161","0","","2026-04-09 20:05:00",""
"","129","manual",NULL,"1","600","1","","2026-04-09 20:05:00",""
"","129","manual",NULL,"3","161","0","","2026-04-09 20:05:00",""
"","130","manual",NULL,"3","161","1","","2026-04-09 20:05:00",""
"","131","manual",NULL,"3","144","1","","2026-04-09 20:05:00",""
"","132","manual",NULL,"3","144","1","","2026-04-09 20:05:00",""
"","133","manual",NULL,"3","161","1","","2026-04-09 20:05:00",""
"","134","manual",NULL,"1","600","1","","2026-04-09 20:05:00",""
"","134","manual",NULL,"3","135","0","","2026-04-09 20:05:00",""
"","135","manual",NULL,"2","143","1","","2026-04-09 20:05:00",""
"","135","manual",NULL,"3","135","0","","2026-04-09 20:05:00",""
"","136","manual",NULL,"3","135","1","","2026-04-09 20:05:00",""
"","137","manual",NULL,"3","146","1","","2026-04-09 20:05:00",""
"","138","manual",NULL,"3","135","1","","2026-04-09 20:05:00",""
"","139","manual",NULL,"3","155","1","","2026-04-09 20:05:00",""
"","140","manual",NULL,"3","155","1","","2026-04-09 20:05:00",""
"","141","manual",NULL,"3","155","1","","2026-04-09 20:05:00",""
"","142","manual",NULL,"2","139","1","","2026-04-09 20:05:00",""
"","142","manual",NULL,"3","105","0","","2026-04-09 20:05:00",""
"","143","manual",NULL,"3","105","1","","2026-04-09 20:05:00",""
"","144","manual",NULL,"1","300","1","","2026-04-09 20:05:00",""
"","144","manual",NULL,"2","204","0","","2026-04-09 20:05:00",""
"","145","manual",NULL,"1","195","1","","2026-04-09 20:05:00",""
"","146","manual",NULL,"2","251","1","","2026-04-09 20:05:00",""
"","147","manual",NULL,"1","173","1","","2026-04-09 20:05:00",""
"","147","manual",NULL,"2","208","0","","2026-04-09 20:05:00",""
"","147","manual",NULL,"3","164","0","","2026-04-09 20:05:00",""
"","148","machine",NULL,"1","1100","1","","2026-04-09 20:05:00",""
"","149","manual",NULL,"2","228","1","","2026-04-09 20:05:00",""
"","150","machine",NULL,"1","2300","1","","2026-04-09 20:05:00",""
"","151","manual",NULL,"1","229","1","","2026-04-09 20:05:00",""
"","151","manual",NULL,"2","219","0","","2026-04-09 20:05:00",""
"","152","manual",NULL,"1","375","1","","2026-04-09 20:05:00",""
"","152","manual",NULL,"2","204","0","","2026-04-09 20:05:00",""
"","152","manual",NULL,"3","179","0","","2026-04-09 20:05:00",""
"","153","manual",NULL,"2","150","1","","2026-04-09 20:05:00",""
"","154","manual",NULL,"2","116","1","","2026-04-09 20:05:00",""
"","155","manual",NULL,"3","112","1","","2026-04-09 20:05:00",""
"","156","manual",NULL,"3","81","1","","2026-04-09 20:05:00",""
"","157","manual",NULL,"3","112","1","","2026-04-09 20:05:00",""
"","158","manual",NULL,"3","81","1","","2026-04-09 20:05:00",""
"","159","manual",NULL,"3","121","1","","2026-04-09 20:05:00",""
"","160","manual",NULL,"2","151","1","","2026-04-09 20:05:00",""
"","161","manual",NULL,"2","96","1","","2026-04-09 20:05:00",""
"","162","manual",NULL,"3","99","1","","2026-04-09 20:05:00",""
"","163","manual",NULL,"3","84","1","","2026-04-09 20:05:00",""
"","164","manual",NULL,"2","117","1","","2026-04-09 20:05:00",""
"","165","manual",NULL,"2","76","1","","2026-04-09 20:05:00",""
"","166","manual",NULL,"2","43","1","","2026-04-09 20:05:00",""
"","167","manual",NULL,"1","375","1","","2026-04-09 20:05:00",""
"","167","manual",NULL,"2","204","0","","2026-04-09 20:05:00",""
"","167","manual",NULL,"3","179","0","","2026-04-09 20:05:00",""
