part_id,Temporal,Temporal 2,work_table_id,semi_auto_work_table_id,machine_id,units_per_hour,persons_1,persons_2,persons_3,active,is_migrated,description
OBLIGATORIO - ID de la parte en tabla parts,Descripcion,Descripcion sin STS,OPCIONAL - ID de mesa manual en tabla tables (dejar vacio si no aplica) - Solo uno de los tres IDs debe estar poblado,OPCIONAL - ID de mesa semi-automatica en tabla semi__automatics (nota: doble guion bajo en nombre de tabla) (dejar vacio si no aplica),OPCIONAL - ID de maquina en tabla machines (dejar vacio si no aplica),OBLIGATORIO - Entero >= 1 - Unidades producidas por hora,OPCIONAL - Numero de personas en configuracion 1 (ej: 1),OPCIONAL - Numero de personas en configuracion 2 (ej: 2) - dejar vacio si no aplica,OPCIONAL - Numero de personas en configuracion 3 (ej: 3) - dejar vacio si no aplica,OPCIONAL - 1=activo 0=inactivo - Default: 1,OPCIONAL - 0=importacion masiva legacy 1=usa standard_configurations - Default: 0 para importacion masiva,OPCIONAL - Descripcion o referencia del standard
189-10004,STS H-CL-181-1222-90/9,H-CL-181-1222-90/9,,,,53,,2,,1,0,
189-10005,STS H-CL-181-1224-90/9,H-CL-181-1224-90/9,,,,53,,,3,1,0,
189-10006,STS H-CL-181-1226-90/9,H-CL-181-1226-90/9,,,,53,,,3,1,0,
189-10009,STS H-CL-181-2222-90/9,H-CL-181-2222-90/9,,,,53,,,3,1,0,
189-10010,STS H-CL-181-2222-90/9-10,H-CL-181-2222-90/9-10,,,,53,,,3,1,0,
189-10011,STS H-CL-181-3222-0/9,H-CL-181-3222-0/9,,,,53,,,3,1,0,
189-10012,STS H-CL-181-3222-90/9,H-CL-181-3222-90/9,,,,104,,,3,1,0,
189-10044,STS H-C-1,H-C-1,,,,375,1,,,1,0,
189-10044,STS H-C-1,H-C-1,,,,215,,2,,1,0,
189-10044,STS H-C-1,H-C-1,,,,189,,,3,1,0,
189-10046,STS H-C110-35,H-C110-35,,,,Pend,,,,1,0,
189-10048,STS H-C-110-41,H-C-110-41,,,,Pend,,,,1,0,
189-10049,STS H-C-112,H-C-112,,,,307,1,,,1,0,
189-10049,STS H-C-112,H-C-112,,,,269,,2,,1,0,
189-10050,STS H-C-113,H-C-113,,,,Pend,,,,1,0,
189-10054,STS H-C-145-1B,H-C-145-1B,,,,Pend,,,,1,0,
189-10056,STS H-C-2,H-C-2,,,,226,1,,,1,0,
189-10056,STS H-C-2,H-C-2,,,,214,,2,,1,0,
189-10056,STS H-C-2,H-C-2,,,,173,,,3,1,0,
189-10057,STS H-C-249-1,H-C-249-1,,,,237,,2,,1,0,
189-10058,STS H-C-249-1BP,H-C-249-1BP,,,,237,,2,,1,0,
189-10059,STS H-C-249-2,H-C-249-2,,,,237,,2,,1,0,
189-10061,STS H-C-249-50-2,H-C-249-50-2,,,,237,,2,,1,0,
189-10062,STS H-C-249-50-3,H-C-249-50-3,,,,237,,2,,1,0,
189-10063,STS H-C-249-8,H-C-249-8,,,,237,,2,,1,0,
189-10064,STS H-C-3  ,H-C-3  ,,,,229,1,,,1,0,
189-10064,STS H-C-3  ,H-C-3  ,,,,228,,2,,1,0,
189-10064,STS H-C-3  ,H-C-3  ,,,,177,,,3,1,0,
189-10067,STS H-C-3-03,H-C-3-03,,,,Pend,,,,1,0,
189-10068,STS H-C-3-2,H-C-3-2,,,,300,,2,,1,0,
189-10069,STS H-C-4,H-C-4,,,,192,1,,,1,0,
189-10069,STS H-C-4,H-C-4,,,,183,,2,,1,0,
189-10071,STS H-C4-1,H-C4-1,,,,375,1,,,1,0,
189-10071,STS H-C4-1,H-C4-1,,,,183,,2,,1,0,
189-10072,STS H-C4-2,H-C4-2,,,,385,1,,,1,0,
189-10072,STS H-C4-2,H-C4-2,,,,200,,2,,1,0,
189-10072,STS H-C4-2,H-C4-2,,,,184,,,3,1,0,
189-10073,STS H-C4-3,H-C4-3,,,,375,1,,,1,0,
189-10073,STS H-C4-3,H-C4-3,,,,208,,2,,1,0,
189-10073,STS H-C4-3,H-C4-3,,,,197,,,3,1,0,
189-10074,STS H-C4-3-01,H-C4-3-01,,,,197,,2,,1,0,
189-10076,STS H-C4-4,H-C4-4,,,,375,1,,,1,0,
189-10076,STS H-C4-4,H-C4-4,,,,202,,2,,1,0,
189-10076,STS H-C4-4,H-C4-4,,,,168,,,3,1,0,
189-10078,STS H-C4-5,H-C4-5,,,,196,,2,,1,0,
189-10079,STS H-C4-6,H-C4-6,,,,199,1,,,1,0,
189-10079,STS H-C4-6,H-C4-6,,,,199,,2,,1,0,
189-10080,STS H-C4-7,H-C4-7,,,,200,,2,,1,0,
189-10081,STS H-C4-8,H-C4-8,,,,208,,2,,1,0,
189-10082,STS H-C-5,H-C-5,,,,203,,2,,1,0,
189-10082,STS H-C-5,H-C-5,,,,187,,,3,1,0,
189-10083,STS H-C5-20,H-C5-20,,,,188,1,,,1,0,
189-10083,STS H-C5-20,H-C5-20,,,,181,,2,,1,0,
189-10084,STS H-C5-21,H-C5-21,,,,181,,2,,1,0,
189-10085,STS H-C5-22,H-C5-22,,,,105,1,,,1,0,
189-10085,STS H-C5-22,H-C5-22,,,,125,,2,,1,0,
189-10086,STS H-C5-5,H-C5-5,,,,204,,2,,1,0,
189-10087,STS H-C5-6,H-C5-6,,,,208,,2,,1,0,
189-10088,STS H-C5-7,H-C5-7,,,,228,,2,,1,0,
189-10089,STS H-C5-8,H-C5-8,,,,186,1,,,1,0,
189-10089,STS H-C5-8,H-C5-8,,,,204,,2,,1,0,
189-10090,STS H-C-6,H-C-6,,,,142,,2,,1,0,
189-10091,STS H-C-607-10,H-C-607-10,,,,Pend,,,,1,0,
189-10092,STS H-C-7,H-C-7,,,,145,1,,,1,0,
189-10092,STS H-C-7,H-C-7,,,,133,,2,,1,0,
189-10092,STS H-C-7,H-C-7,,,,124,,,3,1,0,
189-10120,STS H-CL4-4-1,H-CL4-4-1,,,,Pend,,,,1,0,
189-10129,STS H-CL-6-11-3,H-CL-6-11-3,,,,Pend,,,,1,0,
189-10130,STS H-CL-6-11-4,H-CL-6-11-4,,,,Pend,,,,1,0,
189-10136,STS H-CL-8-03,H-CL-8-03,,,,Pend,,,,1,0,
189-10138,STS H-HC-1,H-HC-1,,,,174,1,,,1,0,
189-10138,STS H-HC-1,H-HC-1,,,,174,,2,,1,0,
189-10139,STS H-HC-2,H-HC-2,,,,245,,2,,1,0,
189-10139,STS H-HC-2,H-HC-2,,,,245,,2,,1,0,
189-10140,STS H-HC-3,H-HC-3,,,,228,,2,,1,0,
189-10141,STS H-HC-4,H-HC-4,,,,224,,2,,1,0,
189-10142,STS H-HC-5,H-HC-5,,,,225,1,,,1,0,
189-10142,STS H-HC-5,H-HC-5,,,,166,,2,,1,0,
189-10143,STS H-I-1,H-I-1,,,,189,1,,,1,0,
189-10143,STS H-I-1,H-I-1,,,,233,,2,,1,0,
189-10144,STS H-I-2,H-I-2,,,,173,1,,,1,0,
189-10144,STS H-I-2,H-I-2,,,,151,,2,,1,0,
189-10145,STS H-I-3,H-I-3,,,,185,,2,,1,0,
189-10146,STS H-I-4,H-I-4,,,,Pend,,,,1,0,
189-10147,STS H-I-5,H-I-5,,,,Pend,,,,1,0,
189-10150,STS H-IB-250-B5B,H-IB-250-B5B,,,,123,,,3,1,0,
189-10151,STS H-IB-350-B6B,H-IB-350-B6B,,,,123,,,3,1,0,
189-10152,STS H-ID-41,H-ID-41,,,,Pend,,,,1,0,
189-10154,STS H-ID-43,H-ID-43,,,,102,,2,,1,0,
189-10155,STS H-ID-47,H-ID-47,,,,Pend,,,,1,0,
189-10156,STS H-ID-48,H-ID-48,,,,Pend,,,,1,0,
189-10158,STS H-IL-250-A50,H-IL-250-A50,,,,Pend,,,,1,0,
189-10160,STS H-IL-250-A53,H-IL-250-A53,,,,Pend,,,,1,0,
189-10161,STS H-IL-250-A54,H-IL-250-A54,,,,Pend,,,,1,0,
189-10162,STS H-IL-250-C50,H-IL-250-C50,,,,Pend,,,,1,0,
189-10163,STS H-IL-350-A60,H-IL-350-A60,,,,104,,,3,1,0,
189-10164,STS H-IL-350-A61,H-IL-350-A61,,,,Pend,,,,1,0,
189-10165,STS H-IL-350-A62,H-IL-350-A62,,,,104,,,3,1,0,
189-10166,STS H-IL-350-A63,H-IL-350-A63,,,,Pend,,,,1,0,
189-10167,STS H-IL-350-A64,H-IL-350-A64,,,,Pend,,,,1,0,
189-10168,STS H-IL-350-A65,H-IL-350-A65,,,,Pend,,,,1,0,
189-10169,STS H-MB-301N-BH,H-MB-301N-BH,,,,Pend,,,,1,0,
189-10170,STS H-IL-350-C60,H-IL-350-C60,,,,Pend,,,,1,0,
189-10172,STS H-IL-550-A70,H-IL-550-A70,,,,Pend,,,,1,0,
189-10173,STS H-IL-550-A71,H-IL-550-A71,,,,Pend,,,,1,0,
189-10176,STS H-M-1,H-M-1,,,,149,1,,,1,0,
189-10176,STS H-M-1,H-M-1,,,,149,,2,,1,0,
189-10177,STS H-M-1-C2,H-M-1-C2,,,,Pend,,,,1,0,
189-10178,STS H-M-2  ,H-M-2  ,,,,217,1,,,1,0,
189-10178,STS H-M-2  ,H-M-2  ,,,,240,,2,,1,0,
189-10179,STS H-M-3 ,H-M-3 ,,,,194,1,,,1,0,
189-10179,STS H-M-3 ,H-M-3 ,,,,228,,2,,1,0,
189-10180,STS H-M-4,H-M-4,,,,169,1,,,1,0,
189-10180,STS H-M-4,H-M-4,,,,204,,2,,1,0,
189-10180,STS H-M-4,H-M-4,,,,174,,,3,1,0,
189-10181,STS H-M-4-01-WI,H-M-4-01-WI,,,,Pend,,,,1,0,
189-10182,STS H-M-5,H-M-5,,,,166,1,,,1,0,
189-10182,STS H-M-5,H-M-5,,,,166,,2,,1,0,
189-10183,"STS H-MB-101N 10"" ","H-MB-101N 10"" ",,,,129,,,3,1,0,
189-10184,STS H-MB-106-N,H-MB-106-N,,,,Pend,,,,1,0,
189-10185,STS H-MB-106-T,H-MB-106-T,,,,Pend,,,,1,0,
189-10186,"STS H-MB-201N 10"" LEAD","H-MB-201N 10"" LEAD",,,,147,,,3,1,0,
189-10188,"STS H-MB-201T 10"" LEAD","H-MB-201T 10"" LEAD",,,,141,,,3,1,0,
189-10189,STS H-MB-206N,H-MB-206N,,,,143,,,3,1,0,
189-10190,STS H-MB-206T,H-MB-206T,,,,143,,,3,1,0,
189-10191,"STS H-MB-301N 10"" LEAD","H-MB-301N 10"" LEAD",,,,150,,,3,1,0,
189-10194,"STS H-MB-301T 10"" LEAD","H-MB-301T 10"" LEAD",,,,149,,,3,1,0,
189-10196,STS H-MB-306N,H-MB-306N,,,,130,,,3,1,0,
189-10197,STS H-MB-306T,H-MB-306T,,,,131,,,3,1,0,
189-10198,"STS H-MB-401N 10""","H-MB-401N 10""",,,,112,,,3,1,0,
189-10199,STS H-MB-406N,H-MB-406N,,,,123,,,3,1,0,
189-10200,STS H-MB-406T,H-MB-406T,,,,Pend,,,,1,0,
189-10201,"STS H-MB-501N 10"" LEAD","H-MB-501N 10"" LEAD",,,,118,,,3,1,0,
189-10203,STS H-MB-506N,H-MB-506N,,,,119,,,3,1,0,
189-10204,STS H-MB-506T,H-MB-506T,,,,118,,,3,1,0,
189-10206,STS H-ML-1,H-ML-1,,,,114,,,3,1,0,
189-10207,STS H-ML-10,H-ML-10,,,,115,,,3,1,0,
189-10208,STS H-ML-10-3,H-ML-10-3,,,,114,,,3,1,0,
189-10209,STS H-ML-10-4,H-ML-10-4,,,,114,,,3,1,0,
189-10210,STS H-ML-10-6,H-ML-10-6,,,,114,,,3,1,0,
189-10211,STS H-ML-10-9,H-ML-10-9,,,,119,,,3,1,0,
189-10213,STS H-ML-11,H-ML-11,,,,147,,,3,1,0,
189-10216,STS H-ML-12,H-ML-12,,,,164,,,3,1,0,
189-10218,STS H-ML-13  ,H-ML-13  ,,,,143,,,3,1,0,
189-10219,STS H-ML-13-01-WI,H-ML-13-01-WI,,,,Pend,,,,1,0,
189-10222,STS H-ML-14,H-ML-14,,,,155,,1,,1,0,
189-10222,STS H-ML-14,H-ML-14,,,,146,,,2,1,0,
189-10223,STS H-ML-15,H-ML-15,,,,104,,,3,1,0,
189-10224,STS H-ML-16,H-ML-16,,,,138,,,3,1,0,
189-10225,STS H-ML-17,H-ML-17,,,,177,,,3,1,0,
189-10226,STS H-ML-18 ,H-ML-18 ,,,,128,,,3,1,0,
189-10227,STS H-ML-19,H-ML-19,,,,134,,,3,1,0,
189-10228,STS H-ML-2,H-ML-2,,,,155,,,3,1,0,
189-10229,STS H-ML-20,H-ML-20,,,,138,,,3,1,0,
189-10230,STS H-ML-2-94,H-ML-2-94,,,,Pend,,,,1,0,
189-10231,STS H-ML-3     ,H-ML-3     ,,,,131,,,3,1,0,
189-10232,STS H-ML-3-0,H-ML-3-0,,,,136,,,3,1,0,
189-10233,STS H-ML-3-9,H-ML-3-9,,,,Pend,,,,1,0,
189-10234,STS H-ML-3-94,H-ML-3-94,,,,Pend,,,,1,0,
189-10235,STS H-ML-4,H-ML-4,,,,105,,,3,1,0,
189-10236,STS H-ML-4-94,H-ML-4-94,,,,Pend,,,,1,0,
189-10237,STS H-ML-5,H-ML-5,,,,101,,,3,1,0,
189-10238,STS H-ML-6,H-ML-6,,,,139,,,3,1,0,
189-10240,STS H-ML-7 ,H-ML-7 ,,,,132,,,3,1,0,
189-10241,STS H-ML-7-0,H-ML-7-0,,,,Pend,,,,1,0,
189-10242,STS H-ML-7-2,H-ML-7-2,,,,Pend,,,,1,0,
189-10243,STS H-ML-7-3,H-ML-7-3,,,,129,,,3,1,0,
189-10244,STS H-ML-7-4,H-ML-7-4,,,,150,,,3,1,0,
189-10245,STS H-ML-7-5 ,H-ML-7-5 ,,,,161,,,3,1,0,
189-10246,STS H-ML-7-6,H-ML-7-6,,,,160,,,3,1,0,
189-10248,STS H-ML-7-9,H-ML-7-9,,,,161,,,3,1,0,
189-10250,STS H-ML-7-91,H-ML-7-91,,,,149,,,3,1,0,
189-10251,STS H-ML-7-92,H-ML-7-92,,,,144,,,3,1,0,
189-10252,STS H-ML-7-93,H-ML-7-93,,,,Pend,,,,1,0,
189-10253,STS H-ML-7-94,H-ML-7-94,,,,144,,,3,1,0,
189-10254,STS H-ML-7-95,H-ML-7-95,,,,Pend,,,,1,0,
189-10255,STS H-ML-7-97,H-ML-7-97,,,,161,,,3,1,0,
189-10256,STS H-ML-7-98,H-ML-7-98,,,,Pend,,,,1,0,
189-10257,STS H-ML-8 ,H-ML-8 ,,,,135,,,3,1,0,
189-10258,STS H-ML-8-3,H-ML-8-3,,,,143,,2,,1,0,
189-10258,STS H-ML-8-3,H-ML-8-3,,,,135,,,3,1,0,
189-10259,STS H-ML-8-4,H-ML-8-4,,,,134,,,3,1,0,
189-10260,STS H-ML-8-5,H-ML-8-5,,,,135,,,3,1,0,
189-10261,STS H-ML-8-6,H-ML-8-6,,,,134,,,3,1,0,
189-10262,STS H-ML-8-9,H-ML-8-9,,,,135,,,3,1,0,
189-10263,STS H-ML-8-91,H-ML-8-91,,,,Pend,,,,1,0,
189-10264,STS H-ML-8-92,H-ML-8-92,,,,Pend,,,,1,0,
189-10265,STS H-ML-8-93,H-ML-8-93,,,,135,,,3,1,0,
189-10266,STS H-ML-8-94,H-ML-8-94,,,,155,,,3,1,0,
189-10267,STS H-ML-8-95,H-ML-8-95,,,,134,,,3,1,0,
189-10269,STS H-ML-8-98,H-ML-8-98,,,,Pend,,,,1,0,
189-10270,STS H-ML-9,H-ML-9,,,,139,,2,,1,0,
189-10270,STS H-ML-9,H-ML-9,,,,105,,,3,1,0,
189-10271,STS H-ML-9-5,H-ML-9-5,,,,105,,,3,1,0,
189-10273,STS H-ML-9-94,H-ML-9-94,,,,105,,,3,1,0,
189-10274,STS L-C-1,L-C-1,,,,300,1,,,1,0,
189-10274,STS L-C-1,L-C-1,,,,204,,2,,1,0,
189-10276,STS L-C-1-10,L-C-1-10,,,,Pend,,,,1,0,
189-10277,STS L-C-112-01,L-C-112-01,,,,195,1,,,1,0,
189-10281,STS L-C-1-2,L-C-1-2,,,,Pend,,,,1,0,
189-10282,STS L-C-2  ,L-C-2  ,,,,173,1,,,1,0,
189-10282,STS L-C-2  ,L-C-2  ,,,,208,,2,,1,0,
189-10283,STS L-C-2-1,L-C-2-1,,,,251,,2,,1,0,
189-10284,STS L-C-2-10,L-C-2-10,,,,Pend,,,,1,0,
189-10285,STS L-C-2-2,L-C-2-2,,,,Pend,,,,1,0,
189-10286,STS L-C-249-6,L-C-249-6,,,,Pend,,,,1,0,
189-10287,STS L-C-249-8,L-C-249-8,,,,Pend,,,,1,0,
189-10289,STS L-C-3  ,L-C-3  ,,,,194,1,,,1,0,
189-10289,STS L-C-3  ,L-C-3  ,,,,228,,2,,1,0,
189-10290,STS L-C-3-10,L-C-3-10,,,,Pend,,,,1,0,
189-10291,STS L-C-3-2,L-C-3-2,,,,Pend,,,,1,0,
189-10292,STS L-C-4,L-C-4,,,,229,1,,,1,0,
189-10292,STS L-C-4,L-C-4,,,,219,,2,,1,0,
189-10293,STS L-C-4-10,L-C-4-10,,,,Pend,,,,1,0,
189-10295,STS L-C-5,L-C-5,,,,375,1,,,1,0,
189-10295,STS L-C-5,L-C-5,,,,204,,2,,1,0,
189-10295,STS L-C-5,L-C-5,,,,179,,,3,1,0,
189-10296,STS L-C-5.5-10,L-C-5.5-10,,,,Pend,,,,1,0,
189-10297,STS L-C-5.5-2,L-C-5.5-2,,,,Pend,,,,1,0,
189-10298,STS L-C-5-10,L-C-5-10,,,,Pend,,,,1,0,
189-10299,STS L-C-6,L-C-6,,,,150,,2,,1,0,
189-10300,STS L-C-6-10,L-C-6-10,,,,Pend,,,,1,0,
189-10301,STS L-C-7,L-C-7,,,,116,,2,,1,0,
189-10302,STS L-C-7-10,L-C-7-10,,,,Pend,,,,1,0,
189-10310,STS L-CL-2-04,L-CL-2-04,,,,Pend,,,,1,0,
189-10312,STS L-CL-249-8B,L-CL-249-8B,,,,Pend,,,,1,0,
189-10315,STS L-CL-4,L-CL-4,,,,112,,,3,1,0,
189-10316,STS L-CL-5,L-CL-5,,,,Pend,,,,1,0,
189-10318,STS L-CL-7,L-CL-7,,,,Pend,,,,1,0,
189-10319,STS L-CL-8,L-CL-8,,,,121,,,3,1,0,
189-10322,STS L-CL-8-5,L-CL-8-5,,,,Pend,,,,1,0,
189-10323,STS H-CK-04,H-CK-04,,,,Pend,,,,1,0,
189-10324,STS L-CL-181-1224-90/9,L-CL-181-1224-90/9,,,,Pend,,,,1,0,
189-10325,STS H-ML-7-41,H-ML-7-41,,,,Pend,,,,1,0,
189-10326,STS H-ML-7-42,H-ML-7-42,,,,Pend,,,,1,0,
189-10327,STS H-ML-7-43,H-ML-7-43,,,,Pend,,,,1,0,
189-10330,STS H-I-2-04,H-I-2-04,,,,Pend,,,,1,0,
189-10333,STS H-ML-4-5,H-ML-4-5,,,,Pend,,,,1,0,
189-10334,STS H-ML-10-5,H-ML-10-5,,,,105,,,3,1,0,
189-10339,STS L-CL-4-5,L-CL-4-5,,,,Pend,,,,1,0,
189-10340,STS L-CL-10-5,L-CL-10-5,,,,Pend,,,,1,0,
189-10341,STS L-CL-13-5,L-CL-13-5,,,,Pend,,,,1,0,
189-10342,STS L-CL-14-5,L-CL-14-5,,,,Pend,,,,1,0,
189-10343,STS L-CL-15-5,L-CL-15-5,,,,Pend,,,,1,0,
189-10344,STS L-CL-17-5,L-CL-17-5,,,,Pend,,,,1,0,
189-10347,STS H-CK-03-4,H-CK-03-4,,,,Pend,,,,1,0,
189-10350,STS H-HCL-8,H-HCL-8,,,,Pend,,,,1,0,
189-10351,STS L-CL-6-5-01,L-CL-6-5-01,,,,81,,,3,1,0,
189-10358,STS H-MB-106-S,H-MB-106-S,,,,Pend,,,,1,0,
189-10359,STS H-MB-206-S,H-MB-206-S,,,,Pend,,,,1,0,
189-10360,STS H-MB-306-S,H-MB-306-S,,,,Pend,,,,1,0,
189-10368,STS H-CL-181-2226-90/9,H-CL-181-2226-90/9,,,,Pend,,,,1,0,
189-10370,"STS H-MB-101T 10"" LEAD","H-MB-101T 10"" LEAD",,,,129,,,3,1,0,
189-10375,STS L-C-5.5,L-C-5.5,,,,Pend,,,,1,0,
189-10376,STS H-CL-181-1220-90/9,H-CL-181-1220-90/9,,,,Pend,,,,1,0,
189-10379,STS H-C-11,H-C-11,,,,324,,2,,1,0,
189-10383,STS H-C-2-01,H-C-2-01,,,,Pend,,,,1,0,
189-10387,STS H-C-129-05,H-C-129-05,,,,Pend,,,,1,0,
189-10388,STS H-C-22,H-C-22,,,,329,,2,,1,0,
189-10403,STS H-C-05,H-C-05,,,,Pend,,,,1,0,
189-10408,STS H-CB-612T,H-CB-612T,,,,69,,,3,1,0,
189-10410,STS H-IL-8951-12,H-IL-8951-12,,,,Pend,,,,1,0,
189-10412,STS H-ML-5-94,H-ML-5-94,,,,Pend,,,,1,0,
189-10413,STS H-CL-181-1224-90/9-A,H-CL-181-1224-90/9-A,,,,Pend,,,,1,0,
189-10416,STS H-IL-350-C61,H-IL-350-C61,,,,Pend,,,,1,0,
189-10422,STS H-C5-7-A,H-C5-7-A,,,,Pend,,,,1,0,
189-10427,STS H-CL-13-03,H-CL-13-03,,,,Pend,,,,1,0,
189-10428,STS L-CB-713T,L-CB-713T,,,,Pend,,,,1,0,
189-10433,STS L-CB-413T,L-CB-413T,,,,Pend,,,,1,0,
189-10434,STS H-CL-181-1222-90/9 APART,H-CL-181-1222-90/9 APART,,,,Pend,,,,1,0,
189-10435,STS H-IB-550-B7B,H-IB-550-B7B,,,,Pend,,,,1,0,
189-10436,STS H-MB-401T,H-MB-401T,,,,112,,,3,1,0,
189-10437,STS H-ML-7-90-02,H-ML-7-90-02,,,,135,,,3,1,0,
189-10438,STS H-ML-7-93-02,H-ML-7-93-02,,,,134,,,3,1,0,
189-10439,STS H-ML-7-3-02,H-ML-7-3-02,,,,Pend,,,,1,0,
189-10440,STS H-ML-7-4-02,H-ML-7-4-02,,,,Pend,,,,1,0,
189-10441,STS H-ML-7-5-02,H-ML-7-5-02,,,,Pend,,,,1,0,
189-10442,STS H-ML-7-6-02,H-ML-7-6-02,,,,Pend,,,,1,0,
189-10443,STS H-ML-7-9-02,H-ML-7-9-02,,,,Pend,,,,1,0,
189-10444,STS H-ML-7-92-02,H-ML-7-92-02,,,,Pend,,,,1,0,
189-10445,STS H-ML-8-3-02,H-ML-8-3-02,,,,Pend,,,,1,0,
189-10446,STS H-ML-8-4-02,H-ML-8-4-02,,,,Pend,,,,1,0,
189-10447,STS H-ML-8-5-02,H-ML-8-5-02,,,,Pend,,,,1,0,
189-10448,STS H-ML-8-6-02,H-ML-8-6-02,,,,Pend,,,,1,0,
189-10449,STS H-ML-8-9-02,H-ML-8-9-02,,,,Pend,,,,1,0,
189-10450,STS H-ML-8-90-02,H-ML-8-90-02,,,,101,,,3,1,0,
189-10451,STS TH-C-1-85,TH-C-1-85,,,,Pend,,,,1,0,
189-10452,STS TH-C-2-85,TH-C-2-85,,,,151,,2,,1,0,
189-10453,STS TH-C-3-85,TH-C-3-85,,,,96,,2,,1,0,
189-10454,STS TH-C-4-85,TH-C-4-85,,,,Pend,,,,1,0,
189-10455,STS TH-C-5-85,TH-C-5-85,,,,Pend,,,,1,0,
189-10456,STS TH-CL-6-85,TH-CL-6-85,,,,Pend,,,,1,0,
189-10457,STS TH-CL-7-85,TH-CL-7-85,,,,Pend,,,,1,0,
189-10458,STS TH-CL-8-85,TH-CL-8-85,,,,Pend,,,,1,0,
189-10459,STS TH-CL-9-85,TH-CL-9-85,,,,84,,,3,1,0,
189-10460,STS TH-CL-10-85,TH-CL-10-85,,,,Pend,,,,1,0,
189-10461,STS TH-CB-306N-85,TH-CB-306N-85,,,,Pend,,,,1,0,
189-10462,STS TH-CB-406N-85,TH-CB-406N-85,,,,Pend,,,,1,0,
189-10463,STS TH-CB-506N-85,TH-CB-506N-85,,,,Pend,,,,1,0,
189-10464,STS TH-CB-106N-85,TH-CB-106N-85,,,,Pend,,,,1,0,
189-10465,STS TH-CB-206N-85,TH-CB-206N-85,,,,99,,,3,1,0,
189-10466,STS TH-CR-436-41,TH-CR-436-41,,,,Pend,,,,1,0,
189-10467,STS TH-CR-436-42,TH-CR-436-42,,,,Pend,,,,1,0,
189-10468,STS TH-CR-436-43,TH-CR-436-43,,,,117,,2,,1,0,
189-10469,STS TH-CR-436-58,TH-CR-436-58,,,,Pend,,,,1,0,
189-10470,STS TH-CR-150-0168A,TH-CR-150-0168A,,,,Pend,,,,1,0,
189-10471,STS TH-CR-150-0169A,TH-CR-150-0169A,,,,Pend,,,,1,0,
189-10472,STS TH-CR-150-0170A,TH-CR-150-0170A,,,,Pend,,,,1,0,
189-10473,STS TH-CR-150-0174A,TH-CR-150-0174A,,,,Pend,,,,1,0,
189-10474,STS TH-CR-150-0175A,TH-CR-150-0175A,,,,Pend,,,,1,0,
189-10475,STS TH-CR-150-0176A,TH-CR-150-0176A,,,,Pend,,,,1,0,
189-10476,STS TH-CR-150-0177A,TH-CR-150-0177A,,,,Pend,,,,1,0,
189-10478,STS TH-CR-150-0179A,TH-CR-150-0179A,,,,Pend,,,,1,0,
189-10479,STS TH-CR-150-0180A,TH-CR-150-0180A,,,,Pend,,,,1,0,
189-10480,STS TH-CR-150-0181A,TH-CR-150-0181A,,,,Pend,,,,1,0,
189-10481,STS H-C-141-0171,H-C-141-0171,,,,Pend,,,,1,0,
189-10483,STS H-C-128-29TP,H-C-128-29TP,,,,Pend,,,,1,0,
189-10485,STS TH-CR-436-0125,TH-CR-436-0125,,,,Pend,,,,1,0,
189-10486,STS TH-CR-436-0126,TH-CR-436-0126,,,,Pend,,,,1,0,
189-10487,STS TH-CR-436-0127,TH-CR-436-0127,,,,Pend,,,,1,0,
189-10490,STS H-CL-181-1224-6/9-A,H-CL-181-1224-6/9-A,,,,Pend,,,,1,0,
189-10491,STS H-CR-436-36 CRIMP,H-CR-436-36 CRIMP,,,,236,1,,,1,0,
189-10491,STS H-CR-436-36 CRIMP,H-CR-436-36 CRIMP,,,,224,,2,,1,0,
189-10492,STS H-CR-436-37 CRIMP,H-CR-436-37 CRIMP,,,,220,1,,,1,0,
189-10492,STS H-CR-436-37 CRIMP,H-CR-436-37 CRIMP,,,,224,,2,,1,0,
189-10493,STS H-CR-436-38 CRIMP,H-CR-436-38 CRIMP,,,,189,1,,,1,0,
189-10493,STS H-CR-436-38 CRIMP,H-CR-436-38 CRIMP,,,,189,,2,,1,0,
189-10494,STS H-CL-181-2220-90/9-18,H-CL-181-2220-90/9-18,,,,Pend,,,,1,0,
189-10495,STS TH-CL-181-1222-90/9,TH-CL-181-1222-90/9,,,,Pend,,,,1,0,
189-10496,STS TH-CL-181-2222-90/9,TH-CL-181-2222-90/9,,,,Pend,,,,1,0,
189-10497,STS H-C-114-C,H-C-114-C,,,,Pend,,,,1,0,
189-10498,STS H-MB-501T,H-MB-501T,,,,118,,,3,1,0,
189-10499,STS H-ML-12-90-S2,H-ML-12-90-S2,,,,Pend,,,,1,0,
189-10500,STS H-IL-8951-11,H-IL-8951-11,,,,Pend,,,,1,0,
189-10501,STS H-CR-436-41,H-CR-436-41,,,,Pend,,,,1,0,
189-10502,STS C-C-52,C-C-52,,,,Pend,,,,1,0,
189-10503,STS TH-CR-436-44,TH-CR-436-44,,,,Pend,,,,1,0,
189-10504,STS TH-CR-436-36 CRIMP,TH-CR-436-36 CRIMP,,,,Pend,,,,1,0,
189-10505,STS TH-CR-436-37 CRIMP,TH-CR-436-37 CRIMP,,,,Pend,,,,1,0,
189-10506,STS TH-CR-436-38 CRIMP,TH-CR-436-38 CRIMP,,,,Pend,,,,1,0,
189-10507,STS H-ML-7-9-2R,H-ML-7-9-2R,,,,Pend,,,,1,0,
189-10508,STS H-HCL-7,H-HCL-7,,,,Pend,,,,1,0,
189-10509,STS H-HMB-306N,H-HMB-306N,,,,Pend,,,,1,0,
189-10510,STS H-HML-6-95,H-HML-6-95,,,,128,,,3,1,0,
189-10511,STS H-ML-8-0,H-ML-8-0,,,,Pend,,,,1,0,
189-10512,STS H-HML-3,H-HML-3,,,,Pend,,,,1,0,
189-10513,STS H-HML-9-95,H-HML-9-95,,,,115,,,3,1,0,
189-10514,STS H-HML-7-95,H-HML-7-95,,,,154,,,3,1,0,
189-10515,STS H-ML-8-S,H-ML-8-S,,,,Pend,,,,1,0,
189-10516,STS TH-CR-436-57,TH-CR-436-57,,,,Pend,,,,1,0,
189-10517,STS TH-CR-150-0198,TH-CR-150-0198,,,,Pend,,,,1,0,
189-10518,STS TH-CR-436-59,TH-CR-436-59,,,,Pend,,,,1,0,
189-10519,STS H-ML-3-5,H-ML-3-5,,,,136,,,3,1,0,
189-10520,STS TH-CR-436-0128,TH-CR-436-0128,,,,Pend,,,,1,0,
189-10521,STS H-HMB-301N,H-HMB-301N,,,,Pend,,,,1,0,
189-10522,STS H-HML-8-95,H-HML-8-95,,,,131,,,3,1,0,
189-10523,STS E-C-1-2,E-C-1-2,,,,Pend,,,,1,0,
189-10524,STS E-C4-1,E-C4-1,,,,136,,2, ,1,0,
189-10525,STS E-C4-2,E-C4-2,,,,184,,2,,1,0,
189-10526,STS E-C4-3,E-C4-3,,,,144,,2, ,1,0,
189-10527,STS E-C4-4,E-C4-4,,,,Pend,,,,1,0,
189-10527,STS E-C4-4,E-C4-4,,,,Pend,,,,1,0,
189-10528,STS E-C4-5,E-C4-5,,,,144,,2,,1,0,
189-10530,STS E-C-249-8,E-C-249-8,,,,230,,2, ,1,0,
189-10531,STS H-ML-2-5,H-ML-2-5,,,,Pend,,,,1,0,
189-10532,STS H-IL-250-A51,H-IL-250-A51,,,,Pend,,,,1,0,
189-10533,STS VH-CR-436-36 CRIMP,VH-CR-436-36 CRIMP,,,,Pend,,,,1,0,
189-10534,STS VH-CR-436-37 CRIMP,VH-CR-436-37 CRIMP,,,,Pend,,,,1,0,
189-10535,STS VH-CR-436-38 CRIMP,VH-CR-436-38 CRIMP,,,,Pend,,,,1,0,
189-10536,STS H-M-1-05,H-M-1-05,,,,200,,2,,1,0,
189-10537,STS H-M-2-05,H-M-2-05,,,,161,,2,,1,0,
189-10538,STS H-M-3-05,H-M-3-05,,,,154,,2,,1,0,
189-10539,STS H-M-4-05,H-M-4-05,,,,171,,2,,1,0,
189-10540,STS H-M-5-05,H-M-5-05,,,,Pend,,,,1,0,
189-10541,STS H-ML-12-9,H-ML-12-9,,,,Pend,,,,1,0,
189-10542,STS L-CL-5.5-02,L-CL-5.5-02,,,,81,,,3,1,0,
189-10543,STS H-ML-5-5,H-ML-5-5,,,,105,,,3,1,0,
189-10544,STS H-BML-124-10,H-BML-124-10,,,,121,,,3,1,0,
189-10545,STS H-BML-324-10,H-BML-324-10,,,,124,,,3,1,0,
189-10546,STS H-BML-B424-10,H-BML-B424-10,,,,93,,,3,1,0,
189-10547,STS L-CL-5-02,L-CL-5-02,,,,112,,,3,1,0,
189-10548,STS H-HML-7-90,H-HML-7-90,,,,Pend,,,,1,0,
189-10549,STS H-HML-8-90,H-HML-8-90,,,,Pend,,,,1,0,
189-10550,STS H-HML-10-95,H-HML-10-95,,,,104,,,3,1,0,
189-10551,STS H-CL-181-3220-90/9-18,H-CL-181-3220-90/9-18,,,,Pend,,,,1,0,
189-10552,STS H-ML-5-90,H-ML-5-90,,,,Pend,,,,1,0,
189-10553,STS H-IL-250-A52,H-IL-250-A52,,,,Pend,,,,1,0,
189-10554,STS H-IL-250-A56,H-IL-250-A56,,,,Pend,,,,1,0,
189-10555,STS H-CL-7-12-5,H-CL-7-12-5,,,,Pend,,,,1,0,
189-10556,STS H-M-1-03,H-M-1-03,,,,Pend,,,,1,0,
189-10557,STS H-IL-250-A57,H-IL-250-A57,,,,Pend,,,,1,0,
189-10558,STS L-CL-9-5,L-CL-9-5,,,,Pend,,,,1,0,
189-10559,STS H-BML-122-10,H-BML-122-10,,,,110,,,3,1,0,
189-10560,STS H-ML-10-95,H-ML-10-95,,,,Pend,,,,1,0,
189-10561,STS H-BML-224-10,H-BML-224-10,,,,116,,,3,1,0,
189-10562,STS H-BML-B324-10,H-BML-B324-10,,,,113,,,3,1,0,
189-10563,STS H-IL-350-A66,H-IL-350-A66,,,,Pend,,,,1,0,
189-10564,STS H-HMB-201N,H-HMB-201N,,,,Pend,,,,1,0,
189-10565,STS L-CL-6,L-CL-6,,,,Pend,,,,1,0,
189-10566,STS H-HMB-306N-01,H-HMB-306N-01,,,,Pend,,,,1,0,
189-10567,STS H-HMB-501N,H-HMB-501N,,,,Pend,,,,1,0,
189-10568,STS H-ML-6-5,H-ML-6-5,,,,Pend,,,,1,0,
189-10569,STS H-HCB-106N-96,H-HCB-106N-96,,,,135,,,3,1,0,
189-10570,STS H-HCB-206N-96,H-HCB-206N-96,,,,143,,,3,1,0,
189-10571,STS H-HCB-306N-96,H-HCB-306N-96,,,,195,,2,,1,0,
189-10571,STS H-HCB-306N-96,H-HCB-306N-96,,,,131,,,3,1,0,
189-10572,STS H-IL-250-A55,H-IL-250-A55,,,,Pend,,,,1,0,
189-10573,STS E-CL-249-8B,E-CL-249-8B,,,,Pend,,,,1,0,
189-10574,STS H-HML-18-90,H-HML-18-90,,,,125,,2,,1,0,
189-10574,STS H-HML-18-90,H-HML-18-90,,,,130,,,3,1,0,
189-10575,STS H-HC-2-96,H-HC-2-96,,,,245,,2,,1,0,
189-10576,STS H-BML-B224-10,H-BML-B224-10,,,,133,,,3,1,0,
189-10577,STS H-HMB-406N-01,H-HMB-406N-01,,,,Pend,,,,1,0,
189-10578,STS H-BML-B124-10,H-BML-B124-10,,,,127,,,3,1,0,
189-10579,STS H-HMB-106N-01,H-HMB-106N-01,,,,Pend,,,,1,0,
189-10580,STS H-HMB-206N-01,H-HMB-206N-01,,,,Pend,,,,1,0,
189-10581,STS H-HMB-506N-01,H-HMB-506N-01,,,,Pend,,,,1,0,
189-10582,STS H-HCL-7-96,H-HCL-7-96,,,,161,,,3,1,0,
189-10583,STS H-HCL-8-96,H-HCL-8-96,,,,135,,,3,1,0,
189-10584,STS H-IL-350-A67,H-IL-350-A67,,,,Pend,,,,1,0,
189-10585,STS H-CL-181-2224-6/9,H-CL-181-2224-6/9,,,,Pend,,,,1,0,
189-10586,STS H-HCB-506N-96,H-HCB-506N-96,,,,119,,,3,1,0,
189-10587,STS L-CL-3-02,L-CL-3-02,,,,Pend,,,,1,0,
189-10588,STS H-HCL-6-96,H-HCL-6-96,,,,Pend,,,,1,0,
189-10589,STS H-HCB-406N-96,H-HCB-406N-96,,,,Pend,,,,1,0,
189-10590,STS H-HMB-106N-A,H-HMB-106N-A,,,,Pend,,,,1,0,
189-10591,STS H-HMB-206N-A,H-HMB-206N-A,,,,Pend,,,,1,0,
189-10592,STS H-MB-306N-A,H-MB-306N-A,,,,131,,,3,1,0,
189-10593,STS H-MB-406N-A,H-MB-406N-A,,,,115,,,3,1,0,
189-10594,STS H-HMB-506N-A,H-HMB-506N-A,,,,119,,,,1,0,
189-10596,STS H-HMB-206N-A ,H-HMB-206N-A ,,,,139,,,,1,0,
189-10597,STS H-HMB-306N-A,H-HMB-306N-A,,,,Pend,,,,1,0,
189-10598,STS H-HMB-406N-A,H-HMB-406N-A,,,,Pend,,,,1,0,
189-10600,STS H-HCL-10-96,H-HCL-10-96,,,,Pend,,,,1,0,
189-10601,STS H-MB-1,H-MB-1,,,,119,,,3,1,0,
189-10602,STS H-MB-2,H-MB-2,,,,119,,,3,1,0,
189-10603,STS H-MB-3,H-MB-3,,,,156,,,3,1,0,
189-10604,STS H-MB-4,H-MB-4,,,,122,,,3,1,0,
189-10605,STS H-MB-5,H-MB-5,,,,118,,,3,1,0,
189-10606,STS H-MB-6,H-MB-6,,,,108,,,3,1,0,
189-10607,STS H-MB-7,H-MB-7,,,,108,,,3,1,0,
189-10608,STS H-MB-8,H-MB-8,,,,123,,,3,1,0,
189-10609,STS H-MB-9,H-MB-9,,,,122,,,3,1,0,
189-10610,STS H-MB-10,H-MB-10,,,,132,,2,,1,0,
189-10610,STS H-MB-10,H-MB-10,,,,119,,,3,1,0,
189-10611,STS H-MB-16,H-MB-16,,,,Pend,,,,1,0,
189-10612,STS H-MB-17,H-MB-17,,,,Pend,,,,1,0,
189-10613,STS H-MB-18,H-MB-18,,,,Pend,,,,1,0,
189-10615,STS H-MB-20,H-MB-20,,,,Pend,,,,1,0,
189-10616,STS H-HMB-6,H-HMB-6,,,,Pend,,,,1,0,
189-10617,STS H-HMB-7,H-HMB-7,,,,142,,,3,1,0,
189-10618,STS H-HMB-8,H-HMB-8,,,,122,,,3,1,0,
189-10619,STS H-HMB-9,H-HMB-9,,,,Pend,,,,1,0,
189-10620,STS H-HMB-10,H-HMB-10,,,,Pend,,,,1,0,
189-10622,STS H-HMB-17,H-HMB-17,,,,Pend,,,,1,0,
189-10623,STS H-HMB-18,H-HMB-18,,,,Pend,,,,1,0,
189-10624,STS H-HMB-19,H-HMB-19,,,,Pend,,,,1,0,
189-10625,STS H-HMB-20,H-HMB-20,,,,Pend,,,,1,0,
189-10626,STS H-ML-17-9,H-ML-17-9,,,,161,,,3,1,0,
189-10627,STS H-ML-18-9,H-ML-18-9,,,,Pend,,,,1,0,
189-10628,STS H-BML-322-10,H-BML-322-10,,,,113,,,3,1,0,
189-10629,STS H-C-2-2,H-C-2-2,,,,396,1,,,1,0,
189-10629,STS H-C-2-2,H-C-2-2,,,,328,,2,,1,0,
189-10630,STS H-C-075,H-C-075,,,,272,,2,,1,0,
189-10631,STS H-BML-B524-10,H-BML-B524-10,,,,Pend,,,,1,0,
189-10632,STS H-BML-424-10,H-BML-424-10,,,,123,,,3,1,0,
189-10633,STS H-ML-7-97-01,H-ML-7-97-01,,,,Pend,,,,1,0,
189-10634,STS H-ML-8-93-01,H-ML-8-93-01,,,,155,,,3,1,0,
189-10635,STS H-HC-2-0-H,H-HC-2-0-H,,,,120,,2,,1,0,
189-10636,STS H-CB-612N,H-CB-612N,,,,69,,,3,1,0,
189-10637,STS H-HC-001,H-HC-001,,,,93,,2,,1,0,
189-10638,STS H-HC-3-96,H-HC-3-96,,,,228,,2,,1,0,
189-10639,STS H-BML-B324-10-A,H-BML-B324-10-A,,,,Pend,,,,1,0,
189-10642,STS H-HMB-3,H-HMB-3,,,,Pend,,,,1,0,
189-10647,STS H-HMB-13,H-HMB-13,,,,Pend,,,,1,0,
189-10652,STS H-MB-13,H-MB-13,,,,Pend,,,,1,0,
189-10658,STS H-BML-B224-10-A,H-BML-B224-10-A,,,,Pend,,,,1,0,
189-10659,STS H-HC-1-96,H-HC-1-96,,,,149,,2,,1,0,
189-10660,STS H-ML-17-9-M,H-ML-17-9-M,,,,Pend,,,,1,0,
189-10662,H-200-181-3222-90/9,H-200-181-3222-90/9,,,,Pend,,,,1,0,
189-10663,STS H-ML-18-9-M,H-ML-18-9-M,,,,Pend,,,,1,0,
